taxi_type,pickup_borough,pickup_zone,rows,tip_rate,avg_tip_amount,avg_fare_amount,avg_trip_distance
green,Manhattan,Clinton East,29,1.0,4.513103448275862,17.76206896551724,3.0827586206896553
green,Manhattan,Greenwich Village South,27,1.0,3.1081481481481483,13.5,2.0637037037037036
green,Manhattan,Greenwich Village North,19,1.0,3.712105263157895,13.831578947368422,1.827894736842105
green,Manhattan,Murray Hill,17,1.0,3.355294117647059,12.799999999999999,1.6323529411764706
green,Queens,Bellerose,17,1.0,7.421764705882353,63.26294117647059,13.771176470588236
green,Manhattan,Lincoln Square East,13,1.0,3.7084615384615387,14.415384615384616,2.2192307692307693
green,Manhattan,Midtown North,13,1.0,3.42,12.36923076923077,1.2584615384615385
green,Manhattan,Lenox Hill West,10,1.0,3.4560000000000004,12.379999999999999,1.8559999999999999
green,Manhattan,Meatpacking/West Village West,10,1.0,3.526,14.2,2.209
green,Queens,Murray Hill-Queens,10,1.0,5.143,26.130000000000003,4.619
green,Manhattan,Chinatown,9,1.0,4.506666666666667,22.155555555555555,3.566666666666667
green,Brooklyn,Homecrest,8,1.0,4.6850000000000005,25.8875,2.955
green,Manhattan,Upper East Side South,8,1.0,3.47,15.8625,2.5187500000000003
green,Manhattan,Upper West Side North,8,1.0,3.7175,14.8125,2.375
green,Manhattan,Clinton West,6,1.0,2.5066666666666664,11.4,1.79
green,Queens,Glen Oaks,5,1.0,8.272,30.9,5.858
green,Queens,Saint Michaels Cemetery/Woodside,5,1.0,16.8,103.2,9.85
green,Brooklyn,Gravesend,4,1.0,7.454999999999999,34.525000000000006,7.202500000000001
green,Manhattan,Sutton Place/Turtle Bay North,4,1.0,5.295,9.125,1.135
green,Manhattan,UN/Turtle Bay South,4,1.0,3.46,16.65,2.8625
green,Manhattan,Upper West Side South,4,1.0,3.5675,11.399999999999999,2.0175
green,Bronx,Allerton/Pelham Gardens,3,1.0,4.466666666666667,21.0,4.903333333333333
green,Manhattan,Financial District South,3,1.0,7.21,30.533333333333335,6.46
green,Manhattan,Lenox Hill East,3,1.0,2.8333333333333335,10.933333333333332,1.7866666666666664
green,Manhattan,Manhattan Valley,3,1.0,10.643333333333333,29.53333333333333,8.07
green,Manhattan,Financial District North,2,1.0,4.0200000000000005,13.149999999999999,1.825
green,Manhattan,Seaport,2,1.0,3.0,23.65,4.6
green,Queens,Oakland Gardens,2,1.0,5.5,48.5,12.175
green,Brooklyn,Kensington,1,1.0,2.0,4.4,0.4
green,Brooklyn,Ocean Parkway South,1,1.0,1.94,7.2,0.87
green,Manhattan,Alphabet City,1,1.0,2.86,9.3,1.22
green,Manhattan,Lincoln Square West,1,1.0,2.0,23.3,4.0
green,Manhattan,Stuy Town/Peter Cooper Village,1,1.0,1.0,14.2,1.76
green,Manhattan,Two Bridges/Seward Park,1,1.0,2.72,8.6,1.05
green,Queens,Far Rockaway,1,1.0,10.0,62.5,11.2
green,Queens,Forest Park/Highland Park,1,1.0,2.0,24.0,3.44
green,Queens,Ozone Park,1,1.0,10.82,40.8,10.54
green,Queens,Rockaway Park,1,1.0,0.1,21.2,4.85
green,Staten Island,South Beach/Dongan Hills,1,1.0,4.82,22.6,4.75
green,Staten Island,West Brighton,1,1.0,25.0,99.6,24.1
green,Manhattan,Upper East Side North,2510,0.9737051792828685,3.554127490039841,14.644661354581674,2.2447450199203187
green,Manhattan,Times Sq/Theatre District,36,0.9722222222222222,3.714444444444444,15.269444444444446,2.330277777777778
green,Manhattan,Central Park,17421,0.9696917513345962,3.5717628149933986,15.100869066069686,2.295483611732966
green,Manhattan,Midtown South,31,0.967741935483871,3.5306451612903227,13.883870967741935,2.1629032258064513
green,Manhattan,Yorkville East,30,0.9666666666666667,6.967666666666667,27.526666666666664,6.073333333333333
green,Manhattan,Yorkville West,304,0.9638157894736842,4.0316776315789475,17.655921052631577,3.261611842105263
green,Brooklyn,Cobble Hill,438,0.9634703196347032,3.586187214611872,15.369406392694064,2.3504337899543377
green,Brooklyn,Gowanus,27,0.9629629629629629,4.2518518518518515,19.547777777777778,2.471111111111111
green,Manhattan,Midtown East,26,0.9615384615384616,3.8165384615384617,15.01923076923077,2.358846153846154
green,Manhattan,East Village,20,0.95,3.065,14.969999999999999,2.305
green,Manhattan,Randalls Island,20,0.95,6.310499999999999,32.12,4.8695
green,Manhattan,Washington Heights South,6235,0.9467522052927024,5.798992782678428,28.86999198075381,5.916670408981556
green,Manhattan,Morningside Heights,14868,0.9444444444444444,3.706477670164111,16.28260088781275,2.671230158730159
green,Manhattan,TriBeCa/Civic Center,18,0.9444444444444444,4.3116666666666665,21.383333333333333,4.301666666666667
green,Brooklyn,Brooklyn Heights,2824,0.9429886685552408,4.9431303116147305,22.811356232294617,3.9955949008498584
green,Manhattan,East Harlem North,83188,0.9411693994326105,3.363626003750541,15.301594941578113,2.3951922152233496
green,Brooklyn,Windsor Terrace,16,0.9375,6.6775,30.10625,3.0281249999999997
green,Brooklyn,DUMBO/Vinegar Hill,5906,0.9334575008465967,5.088227226549272,25.8683711479851,4.501699966136133
green,Queens,Glendale,15,0.9333333333333333,5.02,30.446666666666665,4.874
green,Manhattan,Penn Station/Madison Sq West,119,0.9327731092436975,3.6026050420168065,15.027731092436975,2.2425210084033615
green,Brooklyn,Carroll Gardens,147,0.9319727891156463,4.036802721088435,20.0765306122449,3.382517006802721
green,Manhattan,East Harlem South,45100,0.9317960088691796,3.2852847006651884,14.49199090909091,2.263969179600887
green,Brooklyn,Downtown Brooklyn/MetroTech,9451,0.9313300179875146,4.212849433922337,20.465815257644696,3.143090678235107
green,Manhattan,Bloomingdale,2292,0.930628272251309,3.2766186736474694,14.951396160558463,2.349310645724258
green,Manhattan,Flatiron,14,0.9285714285714286,3.8778571428571427,15.857142857142858,1.7192857142857143
green,Manhattan,SoHo,41,0.926829268292683,3.56609756097561,19.614634146341466,3.5446341463414637
green,Manhattan,West Village,27,0.9259259259259259,3.4166666666666665,17.82962962962963,3.5840740740740746
green,Brooklyn,Fort Greene,11218,0.9234266357639508,3.523136922802639,17.269789623818863,2.4460572294526655
green,Manhattan,Little Italy/NoLiTa,39,0.9230769230769231,3.4141025641025644,17.074358974358972,2.5858974358974356
green,Manhattan,East Chelsea,26,0.9230769230769231,3.576923076923077,15.061538461538463,2.344230769230769
green,Brooklyn,Dyker Heights,13,0.9230769230769231,13.700769230769229,48.3,8.023076923076923
green,Brooklyn,Prospect Park,64,0.921875,5.24234375,23.5390625,4.24625
green,Brooklyn,Boerum Hill,1419,0.9182522903453136,3.616878083157153,18.075362931642,2.8155461592670896
green,Manhattan,Midtown Center,36,0.9166666666666666,2.783611111111111,12.702777777777778,1.6997222222222221
green,Manhattan,Gramercy,12,0.9166666666666666,3.15,12.333333333333334,1.9841666666666666
green,Manhattan,Union Sq,22,0.9090909090909091,3.497272727272727,15.75,2.1168181818181817
green,Queens,Forest Hills,11607,0.9082450245541484,3.5472111656758853,17.49894891014043,5.874187990006031
green,Queens,Astoria,3696,0.9074675324675324,3.396985930735931,15.849063852813853,2.5577380952380953
green,Brooklyn,Williamsburg (North Side),1398,0.9062947067238912,4.9972317596566525,26.722510729613735,3.835793991416309
green,Queens,Woodside,3453,0.9047205328699681,3.773437590501014,18.113819866782507,3.10377932232841
green,Manhattan,West Chelsea/Hudson Yards,51,0.9019607843137255,3.3068627450980395,15.852941176470589,2.343137254901961
green,Queens,Long Island City/Queens Plaza,345,0.9014492753623189,7.912811594202899,18.871014492753623,2.9233333333333333
green,Brooklyn,Greenpoint,553,0.8969258589511754,4.842043399638336,26.01518987341772,3.845931283905968
green,Queens,Steinway,1968,0.891260162601626,3.1761839430894305,13.995315040650405,2.328795731707317
green,Manhattan,Hamilton Heights,1413,0.8910120311394196,3.781932059447983,19.449327671620665,3.651245576786978
green,Brooklyn,Williamsburg (South Side),348,0.8908045977011494,4.55632183908046,24.16522988505747,3.691695402298851
green,Manhattan,World Trade Center,9,0.8888888888888888,3.7977777777777777,19.41111111111111,3.462222222222222
green,Brooklyn,Clinton Hill,188,0.8882978723404256,3.992712765957447,20.97446808510638,3.1957446808510634
green,Brooklyn,Park Slope,1127,0.8846495119787046,4.962839396628216,30.591668145519076,4.076495119787046
green,Queens,Elmhurst/Maspeth,2043,0.8756730298580518,3.5232941752325013,17.929559471365636,3.18647577092511
green,Queens,Elmhurst,9864,0.8723641524736415,3.7418217761557178,18.006076642335767,11.599798256285483
green,Manhattan,Lower East Side,23,0.8695652173913043,3.7756521739130435,16.752173913043478,2.7091304347826086
green,Queens,Flushing Meadows-Corona Park,3035,0.8691927512355848,9.469499176276772,58.839561779242175,9.637683690280065
green,Brooklyn,Prospect Heights,110,0.8636363636363636,5.212545454545454,21.85818181818182,2.6111818181818185
green,Manhattan,Manhattanville,905,0.8585635359116022,3.063270718232044,17.240662983425413,3.070707182320442
green,Queens,Old Astoria,351,0.8575498575498576,3.311766381766382,16.836296296296297,2.695014245014245
green,Bronx,Spuyten Duyvil/Kingsbridge,21,0.8571428571428571,5.708571428571428,36.69047619047619,6.051428571428572
green,Manhattan,Kips Bay,7,0.8571428571428571,2.7742857142857145,12.0,1.9342857142857144
green,Bronx,Highbridge,241,0.8547717842323651,9.993817427385894,58.50829875518672,8.082738589211619
green,Brooklyn,Bushwick North,172,0.8546511627906976,4.836802325581395,28.747616279069767,4.178779069767442
green,Manhattan,Central Harlem,9959,0.8489808213676072,2.891766241590521,14.721934933226228,2.3588643438096195
green,Queens,Jackson Heights,2723,0.8406169665809768,3.193253764230628,17.519122291590158,2.869629085567389
green,Queens,Sunnyside,265,0.8377358490566038,4.209471698113208,23.84422641509434,3.1633962264150943
green,Bronx,West Concourse,758,0.837730870712401,8.057097625329815,49.025263852242745,7.4143007915567285
green,Queens,Queensboro Hill,18,0.8333333333333334,5.858888888888888,34.36666666666667,4.855555555555556
green,Bronx,Westchester Village/Unionport,6,0.8333333333333334,1.7783333333333333,13.1,2.65
green,Queens,Maspeth,1204,0.8289036544850499,5.9678073089701,40.71237541528239,4.95952657807309
green,Brooklyn,Flatbush/Ditmas Park,102,0.8235294117647058,13.169117647058824,57.26960784313726,8.780000000000001
green,Queens,Kew Gardens,3124,0.8210627400768246,2.8073047375160054,15.342509603072983,2.6297631241997435
green,Queens,Jamaica Estates,11,0.8181818181818182,4.9790909090909095,29.20909090909091,4.507272727272727
green,Queens,Saint Albans,11,0.8181818181818182,2.330909090909091,25.227272727272727,1.5281818181818183
green,Brooklyn,East Williamsburg,1385,0.8173285198555956,5.939703971119133,42.50943682310469,4.870361010830325
green,Queens,Long Island City/Hunters Point,251,0.8167330677290837,3.597011952191235,20.323107569721117,3.585617529880478
green,Queens,Queensbridge/Ravenswood,473,0.8160676532769556,2.924820295983087,17.058562367864692,3.0512262156448204
green,Queens,Richmond Hill,108,0.8148148148148148,7.215648148148148,18.464814814814815,2.2544444444444443
green,Brooklyn,Red Hook,969,0.8132094943240454,8.935283797729618,58.325706914344686,9.965098039215686
green,Bronx,Bronx Park,41,0.8048780487804879,7.234634146341463,43.119512195121956,8.729756097560976
green,Brooklyn,Crown Heights South,25,0.8,3.6436,18.824,2.5424
green,Bronx,Parkchester,19,0.7894736842105263,2.593157894736842,15.794736842105264,1.924736842105263
green,Brooklyn,Sheepshead Bay,1055,0.7886255924170616,2.1278009478672986,10.976587677725117,1.6474502369668247
green,Queens,Rego Park,581,0.7882960413080895,3.106471600688468,18.880206540447503,3.0940275387263343
green,Bronx,Van Cortlandt Park,18,0.7777777777777778,0.9099999999999999,11.755555555555555,1.7516666666666667
green,Brooklyn,Brooklyn Navy Yard,250,0.776,6.3613599999999995,46.037879999999994,4.623480000000001
green,Brooklyn,Columbia Street,48,0.7708333333333334,6.513125,58.85208333333333,6.707916666666667
green,Queens,Jamaica,8815,0.7700510493477027,3.8711378332387976,24.22965513329552,4.65204310833806
green,Queens,Hillcrest/Pomonok,26,0.7692307692307693,4.048461538461539,28.883076923076924,5.298846153846155
green,Manhattan,Garment District,13,0.7692307692307693,2.3261538461538462,15.861538461538462,1.753076923076923
green,Queens,Flushing,1977,0.7678300455235205,3.4531310065756196,23.02901871522509,3.371315123925139
green,Unknown,Unknown,249,0.7670682730923695,3.6582329317269076,25.190160642570284,1.999879518072289
green,Queens,Willets Point,139,0.762589928057554,9.062805755395683,66.59424460431654,9.223165467625899
green,Brooklyn,South Williamsburg,42,0.7619047619047619,7.704047619047619,53.37619047619048,7.385238095238096
green,Queens,Briarwood/Jamaica Hills,54,0.7592592592592593,5.079259259259259,26.18148148148148,3.284259259259259
green,Queens,LaGuardia Airport,54,0.7592592592592593,10.81425925925926,65.00092592592593,7.897777777777778
green,Brooklyn,Sunset Park West,53,0.7547169811320755,5.109811320754717,43.990566037735846,7.207735849056603
green,Brooklyn,Bushwick South,44,0.75,4.318863636363637,30.40909090909091,3.1845454545454546
green,Brooklyn,Erasmus,20,0.75,4.2135,27.619999999999997,4.4025
green,Staten Island,Saint George/New Brighton,8,0.75,3.17,24.0375,3.70625
green,Bronx,Woodlawn/Wakefield,4,0.75,6.7524999999999995,29.450000000000003,4.8225
green,Brooklyn,Madison,4,0.75,4.155,24.7,5.0024999999999995
green,Brooklyn,Midwood,4,0.75,11.295,35.35,3.1799999999999997
green,Brooklyn,Sunset Park East,4,0.75,5.2175,30.65,5.6975
green,Queens,Douglaston,4,0.75,13.112499999999999,93.095,13.0975
green,Queens,Springfield Gardens South,59,0.7457627118644068,11.886949152542373,61.31016949152543,13.796101694915254
green,Queens,Ridgewood,54,0.7407407407407407,4.913518518518519,37.089814814814815,3.2575925925925926
green,Manhattan,Central Harlem North,3307,0.7354097369216813,2.4611581493801027,15.344959177502268,2.479301481705473
green,Queens,Queens Village,11,0.7272727272727273,7.153636363636363,49.51818181818182,7.965454545454546
green,Manhattan,Roosevelt Island,18,0.7222222222222222,16.02111111111111,31.372222222222224,5.447777777777778
green,Queens,Fresh Meadows,7,0.7142857142857143,4.217142857142857,33.72857142857143,2.152857142857143
green,Queens,Corona,115,0.7043478260869566,7.069217391304348,63.709391304347825,7.886260869565217
green,Manhattan,Marble Hill,10,0.7,3.806,32.7,4.885
green,Queens,North Corona,63,0.6984126984126984,6.9615873015873015,51.5279365079365,7.048253968253968
green,Queens,JFK Airport,52,0.6923076923076923,6.694038461538461,47.138461538461534,5.140384615384615
green,Bronx,Norwood,26,0.6923076923076923,4.316923076923077,26.673076923076923,4.898461538461539
green,Brooklyn,Coney Island,184,0.6793478260869565,3.845652173913044,30.698913043478264,5.7972282608695656
green,Queens,Baisley Park,31,0.6774193548387096,4.095161290322581,33.11290322580645,5.208387096774194
green,Bronx,East Concourse/Concourse Village,66,0.6666666666666666,3.4356060606060606,20.184848484848487,3.1999999999999997
green,Brooklyn,Brighton Beach,39,0.6666666666666666,4.315897435897436,28.62076923076923,5.211538461538462
green,Queens,College Point,30,0.6666666666666666,5.465,29.063333333333333,4.915666666666667
green,Brooklyn,Bay Ridge,15,0.6666666666666666,5.86,37.75333333333333,6.292
green,Queens,Springfield Gardens North,9,0.6666666666666666,2.4633333333333334,22.922222222222224,2.3266666666666667
green,Bronx,Schuylerville/Edgewater Park,6,0.6666666666666666,11.651666666666666,57.0,8.345
green,Brooklyn,Borough Park,6,0.6666666666666666,2.6083333333333334,16.366666666666667,1.805
green,Brooklyn,Marine Park/Mill Basin,6,0.6666666666666666,3.2583333333333333,42.5,9.475
green,Manhattan,Hudson Sq,6,0.6666666666666666,3.86,21.78333333333333,3.8466666666666662
green,Brooklyn,Bensonhurst West,3,0.6666666666666666,2.8533333333333335,17.53333333333333,2.056666666666666
green,Brooklyn,Marine Park/Floyd Bennett Field,3,0.6666666666666666,9.793333333333333,87.3,8.453333333333333
green,Queens,Woodhaven,3,0.6666666666666666,2.5533333333333332,21.733333333333334,2.4833333333333334
green,Manhattan,Inwood,88,0.6590909090909091,2.8555681818181817,22.34659090909091,4.372272727272727
green,Unknown,Outside of NYC,70,0.6571428571428571,13.023857142857143,84.67114285714287,10.516857142857143
green,Queens,East Elmhurst,35,0.6571428571428571,4.193714285714286,35.91142857142857,4.150571428571429
green,Queens,Whitestone,11,0.6363636363636364,7.847272727272727,28.136363636363637,4.200909090909091
green,Brooklyn,Prospect-Lefferts Gardens,35,0.6285714285714286,2.4325714285714284,17.097142857142856,2.0574285714285714
green,Brooklyn,East New York,46,0.6086956521739131,2.325,20.77173913043478,3.390434782608696
green,Queens,Kew Gardens Hills,23,0.6086956521739131,3.888260869565218,21.23913043478261,2.7399999999999998
green,Manhattan,Washington Heights North,241,0.6058091286307054,2.949585062240664,22.180497925311204,4.510622406639004
green,Bronx,Mount Hope,30,0.6,2.334,18.666666666666668,2.384
green,Queens,Auburndale,5,0.6,2.8440000000000003,23.32,2.362
green,Queens,Hollis,5,0.6,0.9199999999999999,14.12,1.5219999999999998
green,Brooklyn,Crown Heights North,118,0.5932203389830508,2.790762711864407,20.441525423728812,2.489830508474576
green,Bronx,Soundview/Bruckner,44,0.5909090909090909,1.9309090909090911,14.063636363636363,1.88
green,Bronx,Mott Haven/Port Morris,110,0.5727272727272728,2.2954545454545454,19.565454545454543,2.7677272727272726
green,Bronx,East Tremont,42,0.5714285714285714,3.0021428571428572,20.942857142857143,3.250238095238095
green,Bronx,Williamsbridge/Olinville,7,0.5714285714285714,4.252857142857143,23.17142857142857,3.7057142857142855
green,Manhattan,Inwood Hill Park,7,0.5714285714285714,5.405714285714287,30.285714285714285,6.491428571428571
green,Queens,Bayside,9,0.5555555555555556,3.2333333333333334,39.91111111111111,5.054444444444445
green,Queens,Middle Village,20,0.55,2.825,26.169999999999998,1.5735
green,Bronx,Bedford Park,11,0.5454545454545454,2.7899999999999996,31.41818181818182,6.948181818181817
green,Brooklyn,Bedford,117,0.5299145299145299,2.1812820512820514,26.604273504273504,1.7359829059829062
green,Bronx,Melrose South,102,0.5294117647058824,1.8022549019607845,16.42058823529412,2.2608823529411763
green,Bronx,University Heights/Morris Heights,17,0.5294117647058824,1.2405882352941175,35.85294117647059,7.821176470588235
green,Brooklyn,Flatlands,23,0.5217391304347826,7.272608695652174,68.69130434782609,16.90304347826087
green,Bronx,Belmont,35,0.5142857142857142,4.5928571428571425,27.622857142857143,4.587714285714285
green,Queens,South Jamaica,35,0.5142857142857142,2.6962857142857146,22.457142857142856,1.8994285714285715
green,Queens,South Ozone Park,86,0.5,2.1169767441860468,31.18953488372093,4.311046511627907
green,Bronx,Crotona Park East,10,0.5,2.695,25.04,3.103
green,Brooklyn,Cypress Hills,8,0.5,4.115,43.95,4.46125
green,Queens,Cambria Heights,4,0.5,1.75,43.57,6.452500000000001
green,Brooklyn,Bath Beach,2,0.5,2.48,36.6,7.72
green,Brooklyn,East New York/Pennsylvania Avenue,2,0.5,5.0,48.9,9.735000000000001
green,Brooklyn,Starrett City,2,0.5,2.5,43.55,4.37
green,Queens,Bay Terrace/Fort Totten,2,0.5,4.0,29.6,5.69
green,Queens,Howard Beach,2,0.5,1.08,44.65,14.585
green,Queens,Laurelton,2,0.5,2.04,22.0,0.18
green,Bronx,Van Nest/Morris Park,31,0.4838709677419355,3.332258064516129,19.980645161290322,2.44258064516129
green,Bronx,Claremont/Bathgate,29,0.4827586206896552,2.0048275862068965,21.151724137931033,3.8586206896551722
green,Manhattan,Highbridge Park,13,0.46153846153846156,2.393846153846154,35.06923076923077,6.358461538461539
green,Queens,East Flushing,11,0.45454545454545453,2.0681818181818183,27.327272727272728,2.7009090909090907
green,Bronx,Fordham South,7,0.42857142857142855,0.8385714285714286,25.157142857142855,5.997142857142856
green,Brooklyn,Stuyvesant Heights,22,0.4090909090909091,3.830454545454545,33.56363636363636,2.8104545454545455
green,Bronx,Pelham Parkway,10,0.4,4.311999999999999,30.57,2.186
green,Bronx,West Farms/Bronx River,10,0.4,3.021,33.62,4.226999999999999
green,Bronx,Hunts Point,5,0.4,1.032,12.48,0.6900000000000001
green,Queens,Hammels/Arverne,5,0.4,1.4,25.119999999999997,4.894
green,Bronx,Co-Op City,8,0.375,3.6374999999999997,52.4875,10.686250000000001
green,Bronx,Riverdale/North Riverdale/Fieldston,8,0.375,4.2875,31.1125,6.52625
green,Brooklyn,East Flatbush/Remsen Village,11,0.36363636363636365,0.9290909090909092,16.936363636363637,1.6654545454545455
green,Bronx,Longwood,14,0.35714285714285715,0.83,19.071428571428573,2.474285714285714
green,Bronx,Morrisania/Melrose,23,0.34782608695652173,1.7617391304347825,13.821739130434782,1.8321739130434782
green,Bronx,Bronxdale,12,0.3333333333333333,1.7774999999999999,26.400000000000002,5.629166666666666
green,Brooklyn,Bensonhurst East,3,0.3333333333333333,0.7200000000000001,31.700000000000003,6.93
green,Manhattan,Battery Park City,3,0.3333333333333333,1.0,21.666666666666668,4.6866666666666665
green,Brooklyn,Manhattan Beach,10,0.3,1.408,18.15,4.3790000000000004
green,Bronx,Van Cortlandt Village,15,0.26666666666666666,0.9553333333333334,42.74666666666667,10.311333333333332
green,Bronx,Kingsbridge Heights,39,0.2564102564102564,0.5884615384615385,67.67179487179487,13.671538461538463
green,Bronx,Soundview/Castle Hill,8,0.25,0.9674999999999999,21.7,2.5325
green,Brooklyn,Ocean Hill,19,0.21052631578947367,0.9873684210526317,15.694736842105263,2.1626315789473685
green,Queens,Rosedale,5,0.2,0.32,19.580000000000002,2.2640000000000002
green,Brooklyn,Canarsie,7,0.14285714285714285,0.86,76.18571428571428,16.785714285714285
green,Brooklyn,Brownsville,36,0.08333333333333333,0.34944444444444445,14.258333333333333,1.861388888888889
green,Brooklyn,East Flatbush/Farragut,15,0.06666666666666667,0.3626666666666667,14.76,1.7733333333333334
green,Bronx,Pelham Bay Park,3,0.0,0.0,56.166666666666664,6.726666666666667
green,Bronx,Country Club,1,0.0,0.0,15.0,0.55
green,Brooklyn,Green-Wood Cemetery,1,0.0,0.0,21.9,2.7
green,EWR,Newark Airport,1,0.0,0.0,105.0,0.08
green,Queens,Astoria Park,1,0.0,0.0,85.0,24.11
yellow,Queens,Breezy Point/Fort Tilden/Riis Beach,1,1.0,5.0,32.4,7.85
yellow,Queens,Jamaica Bay,1,1.0,11.45,44.3,12.53
yellow,Staten Island,Arrochar/Fort Wadsworth,1,1.0,13.87,53.4,9.96
yellow,Staten Island,Westerleigh,1,1.0,31.23,140.22,0.25
yellow,Manhattan,Upper East Side North,32246,0.975376790919804,3.225216771072381,13.299264404887428,1.8987477516591205
yellow,Manhattan,Upper East Side South,37131,0.9719102636610918,3.245738331852091,13.03655759338558,1.8172346556785437
yellow,Manhattan,Upper West Side South,20056,0.9716294375747906,3.4446579577183885,13.882081172716395,2.1272257678500197
yellow,Manhattan,Yorkville East,9242,0.9699199307509198,3.3923252542739664,14.549891798312053,2.3947305777970134
yellow,Manhattan,Lincoln Square East,23649,0.9682016152902871,3.525507209607172,14.254683496130916,2.1524584549029555
yellow,Manhattan,Lenox Hill West,16705,0.9667764142472314,3.174323256510027,13.262894941634242,1.9309955103262495
yellow,Manhattan,Upper West Side North,13530,0.966149297856615,3.353177383592018,14.067872135994087,2.194046563192905
yellow,Manhattan,Sutton Place/Turtle Bay North,12810,0.962919594067135,3.469373145979703,14.540838407494146,2.0719726775956286
yellow,Manhattan,Yorkville West,13236,0.9616198247204594,3.2095625566636445,13.352663946811724,2.128880326382593
yellow,Manhattan,Central Park,11649,0.96154176324148,3.6674950639539876,15.367556013391708,2.18182504936046
yellow,Manhattan,Midtown East,26985,0.9605706874189365,3.837022419862887,16.003089494163422,2.3140307578284234
yellow,Manhattan,Midtown North,21532,0.958759056288315,3.9637293330856402,16.601454579230914,2.4523263050343673
yellow,Manhattan,Midtown Center,35710,0.9583590030803697,3.987252870344441,16.580378045365446,2.3597034444133294
yellow,Manhattan,Lincoln Square West,7570,0.9582562747688244,3.2739788639365917,13.80735931307794,2.1366393659180978
yellow,Manhattan,Lenox Hill East,14308,0.9574363992172211,3.5146980710092257,15.339504473022085,2.3766599105395585
yellow,Manhattan,Hudson Sq,3683,0.9560141189247896,3.854539777355417,16.483896280206356,2.591805593266359
yellow,Manhattan,Union Sq,20540,0.9548685491723466,3.5385384615384616,14.777962512171372,2.064006329113924
yellow,Manhattan,Greenwich Village North,10546,0.954674758202162,3.5552588659207283,14.630216195714016,2.0829660534799923
yellow,Manhattan,Battery Park City,4458,0.952445042620009,4.994950650515927,23.265008972633467,4.455520412741139
yellow,Queens,LaGuardia Airport,25749,0.9522311546079459,10.511034603285564,44.624981164317056,9.737207658549845
yellow,Manhattan,Murray Hill,21051,0.9519262742862572,3.705375516602537,15.708466106123224,2.258418127404874
yellow,Manhattan,Gramercy,14390,0.9500347463516331,3.4376393328700483,14.535252258512855,2.178765809589993
yellow,Manhattan,Bloomingdale,1541,0.9500324464633355,3.4806164828033745,15.613835171966254,2.523458792991564
yellow,Manhattan,Flatiron,11628,0.9496044031647747,3.486621947024424,14.663918128654972,2.0981028551771588
yellow,Manhattan,West Village,16843,0.9489402125512082,3.5403675117259397,14.729101110253518,2.1629691860119933
yellow,Manhattan,Midtown South,16174,0.948559416347224,3.7724477556572276,16.048767157165823,2.3484833683689876
yellow,Manhattan,West Chelsea/Hudson Yards,12663,0.9465371554923794,3.812226960435916,16.40767669588565,2.375238095238095
yellow,Manhattan,SoHo,5955,0.9459277917716205,3.7916826196473554,16.494895046179682,2.4189000839630563
yellow,Manhattan,East Chelsea,19971,0.9447699163787492,4.024748885884533,17.383836563016374,2.5038706123879626
yellow,Manhattan,Times Sq/Theatre District,23627,0.9445126338511025,4.492060354678969,19.266606001608327,3.0766978456850214
yellow,Manhattan,Clinton East,17505,0.9441302485004285,3.702168523279063,15.699892602113682,2.4413390459868607
yellow,Manhattan,Meatpacking/West Village West,6910,0.9437047756874095,3.9101548480463095,16.991257597684516,2.639712011577424
yellow,Manhattan,TriBeCa/Civic Center,9703,0.9436256827785221,4.071567556425848,18.372164279088942,3.041660311243945
yellow,Manhattan,Penn Station/Madison Sq West,26549,0.9433876982183886,3.9450084748954763,17.033632151870126,2.3010414704885305
yellow,Manhattan,Manhattan Valley,5086,0.9429807314195832,3.282180495477782,14.347288635469917,2.2631970114038538
yellow,Queens,East Elmhurst,2806,0.9411974340698503,10.17188524590164,44.477373485388455,9.614483250178191
yellow,Manhattan,UN/Turtle Bay South,7892,0.9400658895083629,3.9074442473390776,16.873801317790168,2.6856652306132793
yellow,Manhattan,Greenwich Village South,10814,0.9381357499537636,3.4949972258183837,14.983967079711485,2.2454577399667097
yellow,Unknown,Unknown,1813,0.9376723662437948,4.6238444567016,21.388444567015995,3.873496966354109
yellow,Manhattan,East Village,16348,0.936077807682897,3.4818834108147785,14.94481649131392,2.3495338879373624
yellow,Manhattan,Garment District,10452,0.9323574435514734,3.823419441255262,16.765611366245697,2.4115116724071948
yellow,Manhattan,Morningside Heights,2854,0.9320252277505255,3.6933917309039948,17.230718290119132,2.896552207428171
yellow,Manhattan,Financial District North,3849,0.9311509482982593,4.831878409976618,23.105344245258507,4.356978435957391
yellow,Manhattan,Little Italy/NoLiTa,7174,0.9293281293560078,3.7056091441315866,16.180426540284362,2.4451352104822974
yellow,Queens,JFK Airport,33128,0.9286102390726878,12.581048961603477,67.37263312001932,16.696656000965948
yellow,Manhattan,Clinton West,3783,0.9267776896642876,3.573782712133228,15.790610626486915,2.5615014538725878
yellow,Manhattan,World Trade Center,3485,0.9236728837876614,5.089945480631276,23.895469153515066,4.296800573888092
yellow,Manhattan,Battery Park,268,0.9216417910447762,5.122649253731343,24.833582089552237,4.316417910447761
yellow,Manhattan,Lower East Side,7532,0.9195432819968136,3.7481465746149762,17.13307753584705,2.840290759426447
yellow,Manhattan,Kips Bay,7138,0.9152423648080695,3.294710002801905,14.757123844214066,2.319316335107873
yellow,Manhattan,Stuy Town/Peter Cooper Village,647,0.9134466769706336,3.4428593508500778,15.07420401854714,2.3590726429675426
yellow,Manhattan,Seaport,1314,0.91324200913242,4.507861491628615,21.782184170471844,18.893455098934552
yellow,Manhattan,Financial District South,1914,0.9106583072100314,4.978254963427377,24.278187042842212,4.690564263322884
yellow,Queens,Flushing Meadows-Corona Park,366,0.9043715846994536,9.548579234972678,54.18071038251366,9.876612021857923
yellow,Manhattan,Randalls Island,36,0.8888888888888888,11.488888888888889,50.7025,5.95888888888889
yellow,Manhattan,Chinatown,955,0.8869109947643979,4.407895287958115,22.226041884816752,3.883821989528796
yellow,Manhattan,Alphabet City,819,0.8644688644688645,3.3797557997557997,16.992588522588523,2.9376678876678874
yellow,Brooklyn,Williamsburg (North Side),201,0.8606965174129353,3.9450248756218906,21.55223880597015,3.921990049751244
yellow,Brooklyn,Brooklyn Navy Yard,21,0.8571428571428571,3.1295238095238096,22.14761904761905,2.9414285714285717
yellow,Manhattan,East Harlem South,3627,0.8566308243727598,3.0643507030603803,16.685279845602427,2.8497408326440583
yellow,Brooklyn,DUMBO/Vinegar Hill,206,0.8398058252427184,4.385291262135922,25.41359223300971,4.66126213592233
yellow,Queens,Saint Michaels Cemetery/Woodside,31,0.8387096774193549,10.613870967741935,60.67903225806452,5.987096774193549
yellow,Queens,Long Island City/Queens Plaza,208,0.8365384615384616,4.522836538461538,26.36653846153846,3.645576923076923
yellow,EWR,Newark Airport,16,0.8125,12.21875,70.3,2.870625
yellow,Brooklyn,Williamsburg (South Side),175,0.7942857142857143,4.3028,26.44045714285714,4.001371428571429
yellow,Brooklyn,Cobble Hill,97,0.7938144329896907,3.8023711340206185,23.37938144329897,4.273092783505155
yellow,Manhattan,Two Bridges/Seward Park,746,0.789544235924933,3.654450402144772,20.421166219839144,3.6379490616621983
yellow,Queens,Long Island City/Hunters Point,335,0.7701492537313432,8.397850746268658,49.71095522388059,6.293014925373134
yellow,Queens,Sunnyside,420,0.75,7.539357142857144,47.896571428571434,6.533595238095239
yellow,Manhattan,Central Harlem,1344,0.7433035714285714,2.6141815476190478,18.099635416666665,3.308831845238095
yellow,Manhattan,Manhattanville,303,0.735973597359736,2.7757755775577557,19.05019801980198,3.5070297029702973
yellow,Brooklyn,Greenpoint,108,0.7314814814814815,4.463888888888889,24.598148148148148,4.4312962962962965
yellow,Brooklyn,Columbia Street,11,0.7272727272727273,4.820909090909091,23.90909090909091,5.107272727272727
yellow,Queens,Maspeth,84,0.7261904761904762,6.862142857142857,41.986785714285716,5.9070238095238095
yellow,Brooklyn,Downtown Brooklyn/MetroTech,371,0.7250673854447439,4.244393530997304,27.178274932614553,5.33633423180593
yellow,Brooklyn,Carroll Gardens,52,0.7115384615384616,3.3859615384615385,21.248076923076926,3.6515384615384616
yellow,Queens,Steinway,123,0.7073170731707317,7.812195121951219,48.54528455284552,6.395691056910569
yellow,Queens,Astoria,208,0.7019230769230769,3.438798076923077,24.206249999999997,4.052692307692308
yellow,Manhattan,East Harlem North,1077,0.6935933147632312,2.5821262766945217,18.418848653667595,3.297038068709378
yellow,Bronx,Pelham Bay Park,3,0.6666666666666666,5.153333333333333,50.0,13.016666666666666
yellow,Brooklyn,Green-Wood Cemetery,3,0.6666666666666666,2.0933333333333333,39.833333333333336,3.33
yellow,Brooklyn,Marine Park/Floyd Bennett Field,3,0.6666666666666666,4.0,44.166666666666664,5.713333333333334
yellow,Queens,Forest Park/Highland Park,3,0.6666666666666666,10.969999999999999,52.300000000000004,5.96
yellow,Brooklyn,Brooklyn Heights,284,0.6654929577464789,3.219049295774648,25.917183098591547,5.044471830985915
yellow,Queens,Old Astoria,86,0.6627906976744186,3.824302325581395,23.90046511627907,4.443255813953488
yellow,Queens,Baisley Park,226,0.6504424778761062,10.202477876106196,65.68871681415929,13.209070796460177
yellow,Queens,Woodside,123,0.6504065040650406,6.160813008130081,45.9259349593496,5.709430894308943
yellow,Queens,South Ozone Park,275,0.6181818181818182,9.824981818181818,72.49498181818181,5.1233818181818185
yellow,Unknown,Outside of NYC,157,0.5923566878980892,11.26859872611465,81.35891719745223,5.941847133757962
yellow,Brooklyn,Boerum Hill,291,0.5910652920962199,2.9661168384879724,24.959656357388315,4.934810996563574
yellow,Brooklyn,Red Hook,106,0.5849056603773585,6.55,45.72198113207547,9.012830188679246
yellow,Brooklyn,Prospect Park,24,0.5833333333333334,2.8216666666666668,21.454166666666666,4.00375
yellow,Manhattan,Hamilton Heights,352,0.5823863636363636,2.9466761363636365,24.032840909090908,4.650710227272727
yellow,Queens,Kew Gardens,91,0.5714285714285714,7.903076923076923,64.71912087912088,6.012637362637363
yellow,Queens,Jackson Heights,176,0.5625,5.933295454545455,45.58596590909091,4.870397727272728
yellow,Brooklyn,East Williamsburg,176,0.5568181818181818,3.9267045454545455,30.85244318181818,5.159943181818182
yellow,Brooklyn,Fort Greene,346,0.546242774566474,2.710722543352601,24.305953757225435,4.603236994219653
yellow,Manhattan,Washington Heights South,362,0.5303867403314917,2.7162154696132594,27.491657458563534,6.056767955801106
yellow,Queens,Springfield Gardens South,119,0.5210084033613446,8.039411764705882,67.64983193277311,12.581596638655462
yellow,Bronx,Bronx Park,2,0.5,8.865,44.3,10.405000000000001
yellow,Brooklyn,Park Slope,248,0.4637096774193548,2.5960080645161288,26.70116935483871,5.06741935483871
yellow,Queens,Elmhurst/Maspeth,48,0.4583333333333333,4.39,39.137499999999996,6.067291666666667
yellow,Brooklyn,Prospect Heights,82,0.45121951219512196,2.214512195121951,24.38780487804878,4.354146341463415
yellow,Queens,Howard Beach,23,0.43478260869565216,6.784782608695653,54.60565217391304,6.578260869565218
yellow,Queens,Briarwood/Jamaica Hills,65,0.4307692307692308,6.369692307692307,51.74307692307693,8.94276923076923
yellow,Queens,Bay Terrace/Fort Totten,7,0.42857142857142855,5.8585714285714285,47.32857142857143,11.95142857142857
yellow,Queens,Elmhurst,82,0.4268292682926829,5.503292682926829,41.185609756097556,7.417926829268293
yellow,Queens,Jamaica,192,0.3958333333333333,4.534166666666667,47.32598958333333,10.190624999999999
yellow,Queens,Queensbridge/Ravenswood,78,0.38461538461538464,3.3882051282051284,29.641025641025642,5.737435897435897
yellow,Queens,Corona,70,0.35714285714285715,5.513714285714285,46.816428571428574,8.110285714285714
yellow,Queens,South Jamaica,156,0.3525641025641026,5.4411538461538465,53.32320512820513,12.187179487179488
yellow,Queens,Richmond Hill,166,0.3493975903614458,5.581987951807229,55.23795180722892,7.239277108433735
yellow,Queens,College Point,15,0.3333333333333333,3.2439999999999998,40.46666666666667,8.814666666666666
yellow,Queens,Astoria Park,3,0.3333333333333333,5.396666666666667,42.9,6.313333333333333
yellow,Queens,Willets Point,3,0.3333333333333333,2.1766666666666667,79.73333333333333,11.906666666666666
yellow,Manhattan,Central Harlem North,555,0.31891891891891894,1.1978378378378378,24.853783783783783,5.1954954954954955
yellow,Manhattan,Washington Heights North,126,0.31746031746031744,2.086746031746032,30.752698412698415,6.871746031746032
yellow,Queens,Rego Park,55,0.3090909090909091,3.7812727272727273,44.39363636363637,7.211636363636363
yellow,Brooklyn,Bushwick North,60,0.3,1.9685,25.938333333333333,5.578833333333334
yellow,Brooklyn,Windsor Terrace,25,0.28,1.7247999999999999,29.968000000000004,6.8764
yellow,Queens,Middle Village,25,0.28,6.8412,50.508,9.4076
yellow,Bronx,West Concourse,84,0.2619047619047619,2.8157142857142854,36.71309523809524,8.615595238095239
yellow,Brooklyn,Gowanus,36,0.25,1.6758333333333333,25.611944444444443,5.172222222222222
yellow,Brooklyn,South Williamsburg,32,0.25,1.0659375,27.55625,5.5375000000000005
yellow,Manhattan,Roosevelt Island,40,0.225,2.499,35.837,6.84975
yellow,Manhattan,Inwood,59,0.2033898305084746,1.5094915254237289,38.33728813559322,9.150338983050847
yellow,Queens,Douglaston,10,0.2,4.06,57.42,14.968
yellow,Queens,Hillcrest/Pomonok,55,0.18181818181818182,0.6821818181818182,32.12745454545455,8.152181818181818
yellow,Manhattan,Marble Hill,11,0.18181818181818182,0.8454545454545456,39.02727272727273,11.19090909090909
yellow,Queens,Ridgewood,42,0.16666666666666666,0.6569047619047619,28.333333333333332,5.477142857142857
yellow,Brooklyn,Sunset Park West,76,0.15789473684210525,1.1010526315789475,34.33684210526316,7.627236842105263
yellow,Brooklyn,Clinton Hill,174,0.15517241379310345,0.7399425287356322,27.260632183908047,5.711091954022988
yellow,Bronx,Highbridge,65,0.15384615384615385,1.129076923076923,40.791384615384615,9.314153846153845
yellow,Queens,Queensboro Hill,13,0.15384615384615385,0.7823076923076921,38.36153846153846,8.567692307692308
yellow,Brooklyn,Bedford,150,0.14666666666666667,0.5516,25.41133333333333,5.070866666666666
yellow,Queens,Forest Hills,132,0.14393939393939395,1.941287878787879,36.919999999999995,8.166515151515151
yellow,Queens,Bellerose,21,0.14285714285714285,8.673333333333332,43.9,13.243333333333334
yellow,Queens,Kew Gardens Hills,44,0.13636363636363635,1.199090909090909,38.175000000000004,10.50659090909091
yellow,Brooklyn,Bushwick South,149,0.12751677852348994,1.1286577181208053,29.331208053691277,58.55476510067114
yellow,Brooklyn,Kensington,32,0.125,0.6965625000000001,29.321875,5.5428125
yellow,Bronx,Van Cortlandt Park,8,0.125,5.555,42.4375,10.786249999999999
yellow,Queens,Fresh Meadows,20,0.1,1.4689999999999999,45.695,9.722
yellow,Queens,North Corona,20,0.1,1.4925000000000002,36.485,8.5165
yellow,Queens,Ozone Park,21,0.09523809523809523,2.6095238095238096,48.04761904761905,11.486190476190476
yellow,Bronx,Spuyten Duyvil/Kingsbridge,55,0.09090909090909091,1.2,34.838181818181816,8.920181818181819
yellow,Queens,Glen Oaks,11,0.09090909090909091,0.45454545454545453,54.09090909090909,13.504545454545456
yellow,Queens,Whitestone,11,0.09090909090909091,0.4636363636363636,37.09090909090909,10.134545454545453
yellow,Queens,Flushing,60,0.08333333333333333,0.48083333333333333,34.998333333333335,8.875166666666667
yellow,Brooklyn,Dyker Heights,24,0.08333333333333333,0.13333333333333333,34.14958333333333,7.814166666666666
yellow,Bronx,Belmont,37,0.08108108108108109,1.2216216216216218,39.95675675675676,10.415135135135136
yellow,Queens,Rosedale,38,0.07894736842105263,3.577105263157895,57.300000000000004,14.205526315789475
yellow,Queens,Glendale,26,0.07692307692307693,0.895,36.07346153846154,8.708461538461538
yellow,Queens,Oakland Gardens,13,0.07692307692307693,0.8923076923076922,41.88461538461539,11.35923076923077
yellow,Brooklyn,Ocean Parkway South,14,0.07142857142857142,0.55,31.857142857142858,6.471428571428572
yellow,Brooklyn,Crown Heights South,107,0.06542056074766354,0.4205607476635514,27.16728971962617,5.585700934579439
yellow,Queens,Queens Village,64,0.0625,1.50234375,49.553125,13.455625
yellow,Bronx,Schuylerville/Edgewater Park,33,0.06060606060606061,0.2972727272727273,41.00606060606061,11.004242424242424
yellow,Bronx,Longwood,34,0.058823529411764705,0.5882352941176471,35.6,8.78264705882353
yellow,Bronx,Mott Haven/Port Morris,105,0.05714285714285714,0.31466666666666665,33.142857142857146,7.729047619047619
yellow,Queens,Murray Hill-Queens,18,0.05555555555555555,0.1822222222222222,38.855555555555554,10.751111111111111
yellow,Queens,Cambria Heights,41,0.04878048780487805,1.7073170731707317,52.3780487804878,15.307317073170733
yellow,Queens,Laurelton,42,0.047619047619047616,0.18119047619047618,48.9952380952381,13.914761904761903
yellow,Queens,Woodhaven,42,0.047619047619047616,0.7833333333333334,36.523809523809526,7.7873809523809525
yellow,Brooklyn,Ocean Hill,150,0.04666666666666667,0.41213333333333335,30.152,6.3662
yellow,Bronx,Soundview/Castle Hill,109,0.045871559633027525,0.35110091743119265,34.939449541284404,9.031009174311926
yellow,Bronx,Kingsbridge Heights,46,0.043478260869565216,0.06956521739130435,36.80717391304348,9.111521739130435
yellow,Brooklyn,Bay Ridge,122,0.040983606557377046,0.2452459016393443,36.58688524590164,8.779426229508196
yellow,Queens,Jamaica Estates,49,0.04081632653061224,0.21204081632653063,38.79571428571428,10.976734693877551
yellow,Brooklyn,Homecrest,77,0.03896103896103896,0.2012987012987013,33.335064935064935,8.145974025974025
yellow,Brooklyn,Crown Heights North,363,0.03856749311294766,0.1887052341597796,27.611818181818183,5.8557575757575755
yellow,Bronx,Mount Hope,52,0.038461538461538464,0.630576923076923,40.01923076923077,9.683653846153847
yellow,Brooklyn,Prospect-Lefferts Gardens,267,0.03745318352059925,0.21794007490636702,28.53932584269663,6.099775280898877
yellow,Brooklyn,Stuyvesant Heights,218,0.03669724770642202,0.3060091743119266,27.367201834862385,5.605412844036698
yellow,Brooklyn,Borough Park,84,0.03571428571428571,0.22833333333333333,28.82630952380952,7.108214285714286
yellow,Queens,Rockaway Park,28,0.03571428571428571,0.07214285714285715,50.574999999999996,14.300714285714287
yellow,Brooklyn,Flatbush/Ditmas Park,253,0.03557312252964427,0.14541501976284585,30.93517786561265,7.481462450592885
yellow,Bronx,Van Nest/Morris Park,57,0.03508771929824561,0.33368421052631586,34.31228070175438,9.008771929824562
yellow,Bronx,Soundview/Bruckner,29,0.034482758620689655,0.33275862068965517,36.36896551724138,10.10206896551724
yellow,Brooklyn,Cypress Hills,59,0.03389830508474576,0.4194915254237288,37.46610169491525,8.042203389830508
yellow,Bronx,University Heights/Morris Heights,90,0.03333333333333333,0.32333333333333336,35.778888888888886,8.836555555555556
yellow,Brooklyn,Marine Park/Mill Basin,91,0.03296703296703297,0.3848351648351649,34.31208791208791,7.165384615384615
yellow,Brooklyn,Manhattan Beach,32,0.03125,0.176875,40.915625,10.7653125
yellow,Brooklyn,Bensonhurst West,68,0.029411764705882353,0.7354411764705882,36.635588235294115,7.926470588235294
yellow,Brooklyn,Midwood,103,0.02912621359223301,0.12932038834951456,29.75145631067961,6.345825242718447
yellow,Bronx,Claremont/Bathgate,69,0.028985507246376812,0.1634782608695652,37.81739130434783,10.532463768115942
yellow,Queens,Springfield Gardens North,104,0.028846153846153848,0.39009615384615387,39.972115384615385,10.078557692307694
yellow,Bronx,Morrisania/Melrose,80,0.025,0.10474999999999998,32.4835,7.680625000000001
yellow,Bronx,Eastchester,40,0.025,0.08499999999999999,41.489999999999995,12.2635
yellow,Brooklyn,Coney Island,166,0.024096385542168676,0.3292168674698795,43.80722891566265,11.834759036144577
yellow,Bronx,Riverdale/North Riverdale/Fieldston,43,0.023255813953488372,0.09976744186046511,38.55348837209302,10.558837209302325
yellow,Brooklyn,Erasmus,97,0.020618556701030927,0.348659793814433,30.918350515463917,9.310206185567012
yellow,Bronx,Bronxdale,55,0.01818181818181818,0.09090909090909091,37.554545454545455,9.828545454545456
yellow,Bronx,Van Cortlandt Village,57,0.017543859649122806,0.017543859649122806,41.400000000000006,10.878070175438596
yellow,Bronx,Westchester Village/Unionport,60,0.016666666666666666,0.07566666666666667,36.35166666666667,9.986833333333333
yellow,Bronx,Bedford Park,63,0.015873015873015872,0.40555555555555556,40.23015873015873,10.782857142857141
yellow,Bronx,East Concourse/Concourse Village,132,0.015151515151515152,0.02212121212121212,32.53401515151515,155.0748484848485
yellow,Brooklyn,Brighton Beach,66,0.015151515151515152,0.00015151515151515152,37.656060606060606,10.020606060606061
yellow,Brooklyn,East New York,410,0.012195121951219513,0.13626829268292684,33.066097560975614,7.666365853658537
yellow,Bronx,Parkchester,88,0.011363636363636364,0.03727272727272727,38.1275,10.321363636363635
yellow,Brooklyn,Canarsie,273,0.01098901098901099,0.1986813186813187,37.30164835164835,36.00985347985348
yellow,Brooklyn,East New York/Pennsylvania Avenue,96,0.010416666666666666,0.041666666666666664,36.42916666666667,7.090416666666666
yellow,Brooklyn,Sheepshead Bay,97,0.010309278350515464,0.06288659793814433,39.04020618556701,9.13340206185567
yellow,Bronx,Williamsbridge/Olinville,100,0.01,0.03,39.9529,10.8204
yellow,Queens,Far Rockaway,103,0.009708737864077669,0.14388349514563106,51.952427184466025,15.927961165048544
yellow,Brooklyn,East Flatbush/Remsen Village,209,0.009569377990430622,0.08468899521531101,28.82684210526316,6.27732057416268
yellow,Bronx,Co-Op City,120,0.008333333333333333,0.24666666666666667,45.2875,12.67175
yellow,Queens,Saint Albans,135,0.007407407407407408,0.007407407407407408,41.23925925925926,11.627037037037038
yellow,Brooklyn,Brownsville,259,0.003861003861003861,0.06687258687258688,30.740154440154438,6.881119691119691
yellow,Brooklyn,East Flatbush/Farragut,179,0.0,0.0,29.391731843575418,6.364804469273743
yellow,Brooklyn,Flatlands,179,0.0,0.0,30.42737430167598,6.643575418994414
yellow,Brooklyn,Starrett City,126,0.0,0.0,34.00396825396825,7.980714285714286
yellow,Queens,Hammels/Arverne,84,0.0,0.0,51.26190476190476,13.710714285714285
yellow,Bronx,Melrose South,75,0.0,0.0,31.301333333333332,7.757066666666666
yellow,Bronx,East Tremont,63,0.0,0.0,36.42063492063492,9.896825396825397
yellow,Brooklyn,Gravesend,62,0.0,0.0,37.564516129032256,9.095161290322581
yellow,Bronx,Norwood,57,0.0,0.0,41.71228070175439,11.454561403508771
yellow,Bronx,Woodlawn/Wakefield,47,0.0,0.0,44.62765957446808,13.370212765957445
yellow,Brooklyn,Madison,41,0.0,0.0,32.573170731707314,7.2317073170731705
yellow,Brooklyn,Bensonhurst East,40,0.0,0.0,36.88,9.43725
yellow,Brooklyn,Sunset Park East,39,0.0,0.0,37.03846153846154,9.415384615384616
yellow,Bronx,Pelham Parkway,36,0.0,0.0,36.861111111111114,9.702777777777778
yellow,Bronx,West Farms/Bronx River,34,0.0,0.0,36.38235294117647,10.088235294117647
yellow,Bronx,Fordham South,32,0.0,0.0,38.9375,10.025
yellow,Bronx,Allerton/Pelham Gardens,31,0.0,0.0,38.016129032258064,9.606451612903227
yellow,Bronx,Hunts Point,31,0.0,0.0,37.67741935483871,9.558387096774194
yellow,Bronx,Crotona Park East,30,0.0,0.0,32.71333333333333,7.808333333333334
yellow,Queens,Hollis,25,0.0,0.0,42.34,12.072000000000001
yellow,Queens,Auburndale,16,0.0,0.0,37.12125,9.92625
yellow,Brooklyn,Bath Beach,15,0.0,0.0,44.96666666666667,12.846666666666666
yellow,Queens,Bayside,15,0.0,0.0,42.56666666666667,11.366666666666667
yellow,Bronx,Pelham Bay,14,0.0,0.0,44.42857142857143,14.307142857142855
yellow,Bronx,City Island,4,0.0,0.0,45.25,14.725
yellow,Queens,East Flushing,3,0.0,0.0,39.5,10.666666666666666
yellow,Manhattan,Highbridge Park,2,0.0,0.0,45.75,1.4749999999999999
yellow,Manhattan,Inwood Hill Park,2,0.0,0.0,40.0,9.85
yellow,Bronx,Country Club,1,0.0,0.0,51.5,17.1
yellow,Staten Island,Stapleton,1,0.0,0.0,237.0,16.43
