taxi_type,pickup_borough,pickup_zone,rows,observed_tip_rate,predicted_tip_probability,observed_avg_tip,expected_tip,q10_tip,q50_tip,q90_tip
green,Queens,Bayside,1,0.0,0.45449534,0.0,6.7855783,6.4757743,18.083677,23.952103
green,Staten Island,West Brighton,1,1.0,0.33705217,25.0,4.940004,7.0537515,19.554482,24.74489
green,Manhattan,Union Sq,1,1.0,0.45866156,10.0,4.912833,5.1255846,13.28726,15.529405
green,Brooklyn,Bay Ridge,5,0.8,0.42722645,6.426,4.0327773,4.863494,10.591734,13.2581
green,Queens,LaGuardia Airport,22,0.6818181818181818,0.408261,10.393636363636363,3.968091,4.706554,12.171128,17.067745
green,Brooklyn,Marine Park/Floyd Bennett Field,1,0.0,0.27077615,0.0,3.956734,3.638812,17.652378,24.320452
green,Brooklyn,Gravesend,2,1.0,0.37894273,10.87,3.861768,3.380672,9.761997,14.40719
green,Brooklyn,Sunset Park East,2,1.0,0.5159775,7.115,3.8153353,3.8990297,7.8953743,10.051537
green,Queens,Far Rockaway,1,1.0,0.3087851,10.0,3.504785,5.673093,13.086867,18.362902
green,Brooklyn,Red Hook,606,0.801980198019802,0.39656416,8.392409240924092,3.4929779,4.3727612,10.878956,14.917681
green,Brooklyn,Canarsie,2,0.0,0.27976835,0.0,3.4752328,6.357682,14.76623,20.543358
green,Brooklyn,Flatbush/Ditmas Park,72,0.9166666666666666,0.33176592,15.12861111111111,3.4655,5.1218386,12.153406,16.102652
green,Brooklyn,Dyker Heights,7,1.0,0.38807634,10.865714285714287,3.3892992,4.208026,10.857751,14.222717
green,Manhattan,Randalls Island,14,0.9285714285714286,0.52444756,5.7335714285714285,3.2766035,2.995005,7.3667145,9.3355055
green,Brooklyn,Columbia Street,27,0.8518518518518519,0.4011015,7.312222222222222,3.2694662,4.136928,10.044883,13.835759
green,Queens,Willets Point,39,0.6923076923076923,0.3034666,9.654871794871795,3.1178784,4.4485526,12.431102,17.99543
green,Manhattan,Washington Heights South,3077,0.9489762755931102,0.55740076,5.911644458888528,3.116005,2.8185866,6.2911005,8.138161
green,Bronx,Crotona Park East,2,0.5,0.37509438,6.96,3.058615,2.6938803,9.024788,11.123387
green,Queens,Flushing Meadows-Corona Park,1434,0.8437935843793585,0.31953868,9.341199442119944,3.0096614,4.3741317,11.166472,15.821676
green,Brooklyn,Midwood,2,1.0,0.37203717,12.239999999999998,2.9056265,4.5694237,8.3695345,10.111448
green,EWR,Newark Airport,1,0.0,0.21511073,0.0,2.8806884,3.3104188,15.496376,21.583113
green,Queens,Bellerose,8,1.0,0.298612,6.35,2.8647246,4.0213685,11.080002,15.902755
green,Brooklyn,Madison,2,1.0,0.3896426,6.99,2.824054,3.530281,7.951843,10.859926
green,Bronx,Bronx Park,17,0.7058823529411765,0.30747613,8.018823529411764,2.805721,4.508921,9.890257,13.946776
green,Queens,Saint Michaels Cemetery/Woodside,2,1.0,0.24650833,12.375,2.7929063,3.8087902,13.597212,23.087898
green,Brooklyn,South Williamsburg,17,0.6470588235294118,0.32654098,6.314705882352941,2.765874,4.065725,10.567894,13.503464
green,Brooklyn,Sunset Park West,28,0.7857142857142857,0.3788035,5.065714285714286,2.731686,3.6505725,8.7589245,11.534205
green,Brooklyn,Coney Island,75,0.6666666666666666,0.3866829,4.111066666666667,2.7033982,3.2089448,7.320818,10.009715
green,Queens,Springfield Gardens South,29,0.6551724137931034,0.30167598,12.918965517241379,2.6900785,3.9524403,10.445689,15.693789
green,Bronx,Highbridge,138,0.8333333333333334,0.30549967,9.78159420289855,2.6429198,4.220651,10.767836,15.691592
green,Brooklyn,Brooklyn Navy Yard,173,0.7630057803468208,0.33073634,6.20184971098266,2.5844953,3.822665,9.222419,12.013421
green,Manhattan,Lincoln Square East,1,1.0,0.6476559,5.27,2.5590258,1.9092289,4.5480266,5.8774924
green,Bronx,West Concourse,399,0.8220551378446115,0.33144104,8.454661654135338,2.5578437,3.815686,9.645505,14.256572
green,Bronx,Spuyten Duyvil/Kingsbridge,10,1.0,0.33289817,5.946,2.5033867,3.4566903,7.744895,9.659945
green,Queens,Oakland Gardens,1,1.0,0.31711435,6.0,2.4629493,4.2807813,9.126171,12.792833
green,Queens,Corona,86,0.686046511627907,0.25443,7.1991860465116275,2.4401612,4.524604,11.237487,16.614948
green,Manhattan,Yorkville East,11,0.9090909090909091,0.57622266,5.066363636363636,2.39274,2.1721225,4.7232265,5.9084325
green,Queens,Cambria Heights,2,0.5,0.23141584,2.5,2.3449652,5.0665903,11.99427,16.285345
green,Queens,Astoria Park,1,0.0,0.18640298,0.0,2.3403654,6.5820284,15.768174,25.204372
green,Brooklyn,Bath Beach,2,0.5,0.35575318,2.48,2.3270905,3.728777,7.4765444,10.13945
green,Manhattan,Roosevelt Island,7,0.8571428571428571,0.42856327,26.39428571428571,2.3129652,2.829738,6.4883194,9.163164
green,Queens,JFK Airport,18,0.7777777777777778,0.38060617,7.928888888888888,2.279841,2.7550135,6.8992877,10.098512
green,Bronx,Schuylerville/Edgewater Park,2,0.5,0.24217781,2.5,2.2675207,4.535488,7.5993814,11.292859
green,Brooklyn,DUMBO/Vinegar Hill,3008,0.9245345744680851,0.46274444,5.009035904255319,2.2363482,2.4404626,5.4487143,6.867539
green,Brooklyn,Park Slope,583,0.8747855917667239,0.40283003,5.280943396226415,2.2201324,2.714834,6.3827972,8.487306
green,Queens,Queens Village,5,0.8,0.27370355,11.89,2.2144647,3.9386506,9.768296,14.554489
green,Unknown,Outside of NYC,33,0.6666666666666666,0.23402016,13.296666666666665,2.1825523,3.3573303,11.11741,17.488426
green,Bronx,Riverdale/North Riverdale/Fieldston,3,0.6666666666666666,0.35175958,8.03,2.1366606,2.5190632,6.0978394,7.686766
green,Queens,Ozone Park,1,1.0,0.30895865,10.82,2.1169705,3.1196184,7.785634,10.91072
green,Queens,Douglaston,2,0.5,0.1935359,4.55,2.109877,3.7166414,13.726304,20.154293
green,Manhattan,Inwood Hill Park,2,0.0,0.4215737,0.0,2.1008978,2.6443353,5.354951,7.1074004
green,Manhattan,Central Park,8455,0.9685393258426966,0.61869615,3.5782838557066823,2.1005683,1.8726779,3.8019085,4.7357907
green,Brooklyn,East Williamsburg,470,0.825531914893617,0.31279504,6.552872340425532,2.0908978,3.1322722,8.125477,10.830071
green,Brooklyn,Williamsburg (North Side),805,0.8782608695652174,0.40195975,5.216819875776397,2.0680583,2.5938165,6.1461515,7.9830155
green,Brooklyn,Stuyvesant Heights,12,0.4166666666666667,0.31829104,4.399166666666667,2.066209,3.0838892,7.354384,10.170277
green,Brooklyn,Brooklyn Heights,1402,0.9400855920114123,0.4547598,4.907510699001427,2.0592515,2.3268843,4.9583282,6.4731236
green,Manhattan,Highbridge Park,7,0.5714285714285714,0.35410732,2.9642857142857144,2.0376513,2.9264257,6.354566,8.726541
green,Manhattan,Washington Heights North,112,0.6160714285714286,0.44583216,3.2295535714285712,2.0289168,2.2423933,4.8879232,6.522273
green,Manhattan,Yorkville West,138,0.9565217391304348,0.54774654,3.8337681159420285,2.0153606,1.9191698,4.1740446,5.347514
green,Brooklyn,Greenpoint,267,0.8651685393258427,0.39697573,5.159850187265918,2.008536,2.6579688,6.04496,7.978418
green,Manhattan,Upper East Side North,1321,0.9712339137017411,0.60423523,3.527017411052233,1.9897653,1.8201681,3.7089937,4.616842
green,Queens,Maspeth,652,0.8220858895705522,0.28165886,6.2214570552147235,1.9738685,3.2429907,8.461964,11.291237
green,Queens,Whitestone,8,0.5,0.32805923,9.3125,1.8895804,2.8483987,5.885395,7.9134727
green,Brooklyn,Brighton Beach,15,0.5333333333333333,0.34027064,4.636666666666667,1.8876897,3.1915991,5.892403,8.024374
green,Brooklyn,Prospect Park,38,0.9736842105263158,0.39855972,6.507631578947368,1.8600781,2.3758564,5.5179744,7.5586467
green,Bronx,Norwood,16,0.75,0.27774525,4.850625,1.8407731,2.8139057,6.715999,8.598795
green,Manhattan,Inwood,34,0.7352941176470589,0.4288476,3.8529411764705883,1.8033502,2.0907748,4.316623,5.45071
green,Brooklyn,Homecrest,4,1.0,0.36915258,2.55,1.7864743,2.8313103,5.699974,7.590215
green,Manhattan,East Harlem North,43621,0.9424130579308131,0.52798504,3.407654799293918,1.7817681,1.8088926,3.6678524,4.665661
green,Manhattan,Bloomingdale,1051,0.9314938154138915,0.5394127,3.3006470028544244,1.7744612,1.7483917,3.5835965,4.5040584
green,Manhattan,Morningside Heights,6924,0.9468515309069901,0.49364835,3.6969844020797225,1.7560158,1.8913774,3.7996328,4.929474
green,Brooklyn,Green-Wood Cemetery,1,0.0,0.48522732,0.0,1.7549998,1.8765512,4.0637236,5.28285
green,Manhattan,East Harlem South,22991,0.9334087251533209,0.5112668,3.2974259492845026,1.7131314,1.77635,3.6396136,4.7026362
green,Manhattan,Hamilton Heights,695,0.897841726618705,0.42601836,3.709640287769784,1.6985353,1.9979522,4.1210446,5.387889
green,Bronx,West Farms/Bronx River,4,0.5,0.21264601,5.55,1.696311,2.0428813,7.2876945,9.857585
green,Brooklyn,Downtown Brooklyn/MetroTech,4695,0.9286474973375932,0.42794925,4.210300319488818,1.680195,2.1592293,4.421259,5.7619395
green,Brooklyn,Bushwick North,66,0.8333333333333334,0.2992793,5.362575757575757,1.6697147,2.8158205,6.576234,8.771618
green,Brooklyn,Windsor Terrace,11,0.9090909090909091,0.35939875,8.148181818181818,1.6577569,2.7629158,6.2163754,8.769349
green,Brooklyn,Carroll Gardens,74,0.8918918918918919,0.40453622,4.050810810810811,1.6541814,2.1136944,4.2524347,5.505077
green,Queens,North Corona,34,0.6470588235294118,0.20951268,7.827647058823529,1.6506448,2.8816438,8.98233,13.348656
green,Queens,East Elmhurst,19,0.5789473684210527,0.24118948,5.881578947368421,1.647117,3.1635602,7.9845815,11.142151
green,Brooklyn,Clinton Hill,85,0.8705882352941177,0.3975557,3.4023529411764706,1.6399579,2.1704025,4.6793876,6.0064273
green,Queens,Sunnyside,115,0.8608695652173913,0.36864704,4.819826086956522,1.6250226,2.2533867,4.995433,6.9998546
green,Brooklyn,Erasmus,6,0.8333333333333334,0.32961804,3.5583333333333336,1.6172673,2.5072117,5.389967,7.1403823
green,Manhattan,Manhattanville,382,0.8481675392670157,0.43227458,2.849764397905759,1.5868549,1.9027367,3.8544402,4.9914026
green,Queens,College Point,13,0.6153846153846154,0.32367378,4.938461538461539,1.5752041,2.4354117,5.516799,7.7480826
green,Brooklyn,Crown Heights North,42,0.6904761904761905,0.35549968,3.375,1.5685332,2.0824056,4.7723956,6.2767916
green,Brooklyn,Crown Heights South,8,0.75,0.35459426,4.945,1.5533521,2.4512954,4.96982,6.2843657
green,Brooklyn,Williamsburg (South Side),101,0.8613861386138614,0.36037147,4.793564356435644,1.5505404,2.076864,4.927667,6.6059494
green,Brooklyn,Prospect Heights,46,0.8695652173913043,0.3743598,5.258260869565217,1.547352,2.2461965,4.5374312,6.052097
green,Queens,Long Island City/Queens Plaza,190,0.9105263157894737,0.4122562,8.99221052631579,1.5230042,1.9692606,4.231755,5.5640144
green,Queens,Ridgewood,35,0.6857142857142857,0.24672833,5.067714285714286,1.5080738,3.0636892,7.228327,10.230607
green,Queens,Elmhurst/Maspeth,1051,0.8772597526165556,0.39582172,3.45546146527117,1.4794687,2.033763,4.0071716,5.1296535
green,Queens,Jamaica,5050,0.7675247524752475,0.31026334,3.9917267326732677,1.4550698,2.253746,5.2249327,7.025878
green,Brooklyn,Boerum Hill,690,0.9057971014492754,0.390097,3.5387971014492754,1.4508429,2.015278,3.976774,5.2395644
green,Queens,Baisley Park,20,0.7,0.2619671,3.6295,1.4393183,2.6396809,5.776058,7.699566
green,Queens,Hillcrest/Pomonok,11,0.7272727272727273,0.27810743,3.200909090909091,1.4377724,2.4920332,5.2312245,6.808202
green,Queens,Glendale,4,1.0,0.30095625,6.29,1.4351456,2.8977983,5.6636987,7.3486185
green,Brooklyn,East New York,8,0.375,0.30531314,2.8625,1.4306248,2.531024,5.2357664,7.0773234
green,Brooklyn,Bushwick South,16,0.875,0.2708965,5.476875,1.4295791,2.6588068,6.364516,9.028028
green,Brooklyn,Gowanus,11,1.0,0.3763156,3.411818181818182,1.4222697,1.871613,3.8082511,5.103107
green,Queens,Queensboro Hill,10,0.9,0.27780408,6.8420000000000005,1.4201471,2.6804793,6.699552,11.034586
green,Queens,Forest Park/Highland Park,1,1.0,0.3609544,2.0,1.4177662,2.5525923,4.4823008,5.507406
green,Brooklyn,Fort Greene,5747,0.9232643118148599,0.40152156,3.6165199234383154,1.4173298,1.9596115,3.823917,4.852129
green,Queens,Woodhaven,2,1.0,0.3017981,3.83,1.4090718,2.6810763,5.0015497,7.1244106
green,Brooklyn,Ocean Hill,5,0.6,0.31498748,3.192,1.4045228,2.1445432,4.8777475,6.687336
green,Manhattan,Central Harlem,4678,0.8582727661393758,0.419257,2.867005130397606,1.3930725,1.716535,3.441496,4.4212427
green,Queens,Rockaway Park,1,1.0,0.3802071,0.1,1.379546,2.1187434,4.2425632,5.4547677
green,Brooklyn,Marine Park/Mill Basin,1,0.0,0.11867684,0.0,1.3735548,6.896709,14.995397,21.453876
green,Brooklyn,Brownsville,4,0.25,0.31970555,1.75,1.3711987,2.5339594,4.5084095,6.2884707
green,Queens,Saint Albans,7,0.7142857142857143,0.32532415,1.9842857142857144,1.3698637,2.2211947,5.040974,6.5746274
green,Bronx,University Heights/Morris Heights,7,0.8571428571428571,0.21095678,2.1985714285714284,1.3679683,2.6042488,8.211821,11.254295
green,Bronx,Williamsbridge/Olinville,3,0.6666666666666666,0.21457696,8.563333333333333,1.3655295,2.6170366,6.8315377,9.546534
green,Queens,Briarwood/Jamaica Hills,29,0.7931034482758621,0.2730069,3.9444827586206896,1.3633906,2.250406,5.506676,7.699519
green,Brooklyn,Flatlands,6,0.3333333333333333,0.20641284,1.0833333333333333,1.3432798,3.2985601,11.612468,18.550621
green,Bronx,Bronxdale,8,0.25,0.1940442,2.45625,1.338193,2.6932354,6.6940494,9.594476
green,Brooklyn,Bedford,43,0.5348837209302325,0.29469746,2.2006976744186044,1.3364903,2.4962037,5.425105,7.301297
green,Queens,Jackson Heights,1352,0.8439349112426036,0.35550126,3.130621301775148,1.3336749,1.972463,4.0385485,5.389554
green,Queens,Elmhurst,4501,0.8740279937791602,0.33533868,3.74422794934459,1.3335961,2.1072195,4.3204007,5.7003713
green,Queens,South Ozone Park,43,0.5813953488372093,0.2726915,2.076046511627907,1.3258824,2.286329,5.5843234,7.8143077
green,Queens,Long Island City/Hunters Point,129,0.7906976744186046,0.34735647,3.454031007751938,1.3176723,1.9466864,4.322058,5.7794933
green,Brooklyn,East Flatbush/Farragut,2,0.5,0.35555592,2.72,1.3134084,1.7512071,4.1524835,5.472872
green,Queens,Forest Hills,5798,0.9077268023456364,0.35699373,3.5434339427388757,1.3096752,2.029078,3.9645174,5.2559967
green,Manhattan,Central Harlem North,1559,0.7536882617062219,0.37672997,2.5071520205259783,1.3001047,1.7607458,3.5141344,4.5937824
green,Staten Island,South Beach/Dongan Hills,1,1.0,0.33810842,4.82,1.2939584,1.8472,4.3154793,5.745307
green,Queens,Old Astoria,165,0.8727272727272727,0.34728068,3.141636363636364,1.2865558,1.8767871,3.7250373,5.0349226
green,Bronx,Soundview/Castle Hill,2,0.5,0.2831961,3.32,1.2857726,2.1140172,5.0478716,6.94318
green,Brooklyn,Cobble Hill,188,0.9627659574468085,0.37026745,3.5595744680851067,1.2702842,1.8384234,3.4611738,4.4513946
green,Queens,Woodside,1348,0.900593471810089,0.32724893,3.8137759643916915,1.2666812,2.0361483,4.212588,5.640303
green,Brooklyn,Prospect-Lefferts Gardens,12,0.9166666666666666,0.34201396,3.641666666666667,1.2634355,1.9167757,3.7901099,5.093068
green,Bronx,Kingsbridge Heights,13,0.15384615384615385,0.15732385,0.4984615384615385,1.2541753,3.7258983,11.573746,17.475023
green,Bronx,Woodlawn/Wakefield,2,0.5,0.24114577,6.765,1.2469336,2.5792902,5.5205584,7.2033443
green,Queens,Astoria,1530,0.9137254901960784,0.3543335,3.5505686274509802,1.2288737,1.8108093,3.5842881,4.723858
green,Brooklyn,Borough Park,2,1.0,0.37963837,4.125,1.2253838,2.0067284,3.364927,4.439865
green,Queens,Hammels/Arverne,3,0.6666666666666666,0.22774571,2.3333333333333335,1.2134429,3.4784374,6.6598163,9.328945
green,Queens,Flushing,861,0.7409988385598142,0.2865219,3.416806039488966,1.2107038,2.248056,4.76241,6.5721188
green,Queens,Rego Park,249,0.7590361445783133,0.2982497,2.9568273092369477,1.1896368,1.8708467,4.1896105,5.616035
green,Queens,Glen Oaks,2,1.0,0.32941258,6.48,1.1822518,2.0019705,4.1108084,5.127235
green,Bronx,East Tremont,20,0.6,0.21092685,4.1884999999999994,1.1673307,2.3808537,5.3973475,7.2635446
green,Unknown,Unknown,135,0.7407407407407407,0.30312157,3.6769629629629628,1.1619208,1.84191,4.5981574,6.422736
green,Manhattan,Marble Hill,4,0.75,0.3132896,1.42,1.1386664,2.173171,3.7896552,5.218595
green,Queens,Fresh Meadows,2,0.5,0.21520638,3.45,1.1189983,2.2277682,6.3165584,8.593318
green,Queens,Queensbridge/Ravenswood,262,0.8320610687022901,0.30820063,2.8198473282442746,1.1154026,1.9389439,3.9818866,5.2722206
green,Bronx,Bedford Park,5,0.4,0.14925176,4.826,1.085213,3.2184956,8.74981,12.489039
green,Brooklyn,Sheepshead Bay,529,0.7637051039697542,0.3942143,2.0718714555765594,1.0603153,1.4995606,2.8436952,3.635171
green,Queens,Springfield Gardens North,7,0.7142857142857143,0.23811786,2.75,1.0507814,2.0400798,4.869731,6.72037
green,Queens,Murray Hill-Queens,3,1.0,0.2857687,3.0,1.0261195,1.8248619,3.8030822,5.284814
green,Bronx,Belmont,14,0.42857142857142855,0.19121313,8.150714285714285,1.0226457,2.1686265,4.663612,6.0104146
green,Brooklyn,East Flatbush/Remsen Village,1,0.0,0.32045496,0.0,0.99885327,1.4211568,3.5876799,4.8009043
green,Queens,Middle Village,11,0.6363636363636364,0.20781517,3.4454545454545453,0.9804443,2.329974,5.598988,7.6370134
green,Bronx,Van Cortlandt Village,6,0.16666666666666666,0.20194866,0.16666666666666666,0.9798972,2.1544642,7.0816016,11.530125
green,Bronx,Claremont/Bathgate,10,0.6,0.22120377,4.506,0.97923577,2.123081,4.0826545,5.599054
green,Staten Island,Saint George/New Brighton,2,0.5,0.26340348,1.75,0.97060835,2.0735834,4.491646,6.220604
green,Queens,Richmond Hill,79,0.9113924050632911,0.2914914,8.904430379746836,0.966329,1.7016007,3.658469,4.7815967
green,Bronx,Longwood,5,0.4,0.2679093,0.736,0.957687,1.7431682,3.468392,4.4676394
green,Queens,Steinway,993,0.904330312185297,0.28443336,3.102588116817724,0.9444989,1.7473016,3.3256273,4.475883
green,Queens,Kew Gardens Hills,7,0.5714285714285714,0.24975339,7.6642857142857155,0.9414711,1.9460566,4.1594534,5.782632
green,Queens,Kew Gardens,1536,0.8255208333333334,0.27431142,2.86171875,0.90884084,1.7537564,3.4966307,4.6986775
green,Bronx,Melrose South,42,0.5952380952380952,0.23367348,2.4495238095238094,0.89470965,1.5813348,3.9164069,5.185197
green,Brooklyn,Cypress Hills,3,0.6666666666666666,0.2706167,3.28,0.8740392,1.6582578,3.657322,4.325697
green,Brooklyn,Bensonhurst West,1,0.0,0.25124913,0.0,0.86891025,1.6681458,3.7633514,5.2710524
green,Queens,East Flushing,5,0.4,0.22072057,0.97,0.8668709,1.6575749,4.457877,6.0700693
green,Queens,Jamaica Estates,3,0.6666666666666666,0.21786837,3.25,0.8586259,2.2080266,4.7136235,6.0373855
green,Queens,South Jamaica,20,0.6,0.23285703,3.024,0.8378145,1.7710676,4.1835666,5.792693
green,Bronx,Morrisania/Melrose,7,0.2857142857142857,0.2760188,1.7814285714285714,0.811971,1.7414773,3.1205394,4.329619
green,Brooklyn,Bensonhurst East,1,1.0,0.34215212,2.16,0.80208933,1.4701746,2.4251122,3.2383947
green,Queens,Bay Terrace/Fort Totten,1,1.0,0.28109503,8.0,0.7784453,1.1362517,3.03088,3.984717
green,Queens,Auburndale,1,1.0,0.20516898,6.0,0.7782906,1.501441,4.337197,6.1906686
green,Bronx,Pelham Bay Park,1,0.0,0.08534013,0.0,0.7756978,2.3159654,11.097199,14.505547
green,Bronx,Van Nest/Morris Park,14,0.5,0.156354,3.682142857142857,0.7543672,2.0568187,3.9620433,5.4552646
green,Queens,Laurelton,2,0.5,0.20292999,2.04,0.73595273,1.5687311,4.0393844,5.40954
green,Bronx,Mott Haven/Port Morris,53,0.5849056603773585,0.20077316,2.1439622641509435,0.7248037,1.5950187,3.9437177,5.4391303
green,Queens,Hollis,1,1.0,0.3094997,2.5,0.7194006,1.3534007,2.3502889,3.1782808
green,Queens,Howard Beach,1,1.0,0.31825492,2.16,0.6975249,1.5281807,2.2513194,3.075414
green,Bronx,Co-Op City,1,0.0,0.06772502,0.0,0.69616646,2.8713381,13.639201,21.474508
green,Bronx,Allerton/Pelham Gardens,1,1.0,0.22367011,3.0,0.659635,1.1480451,3.1644378,4.1613393
green,Bronx,East Concourse/Concourse Village,28,0.7142857142857143,0.1801335,3.197142857142857,0.61659545,1.6327077,3.7823062,5.0765696
green,Bronx,Pelham Parkway,6,0.16666666666666666,0.1504688,0.8333333333333334,0.6150936,1.8934191,4.072319,5.617579
green,Queens,Rosedale,2,0.0,0.21766993,0.0,0.58766705,1.6908518,2.7825043,4.124173
green,Brooklyn,Manhattan Beach,3,0.6666666666666666,0.27214515,3.026666666666667,0.58165854,1.2173737,2.118185,2.8629625
green,Bronx,Parkchester,7,0.8571428571428571,0.13995361,2.817142857142857,0.5329577,1.4694922,3.6468527,4.797775
green,Bronx,Hunts Point,1,0.0,0.18749289,0.0,0.50504464,0.95472306,3.0486617,4.2481284
green,Bronx,Van Cortlandt Park,11,0.7272727272727273,0.20120391,0.8972727272727273,0.49280632,1.294332,2.7161467,3.8485343
green,Bronx,Mount Hope,13,0.6153846153846154,0.14571358,1.16,0.46705154,1.4321797,3.4265256,4.817738
green,Bronx,Westchester Village/Unionport,4,1.0,0.13589695,2.665,0.4136079,1.7536952,3.3696358,4.9522314
green,Bronx,Soundview/Bruckner,11,0.36363636363636365,0.16986743,0.9490909090909091,0.40265787,1.2214665,2.622906,3.6444023
yellow,Queens,JFK Airport,16481,0.9244584673260118,0.5109331,12.548291365815182,6.145536,6.380065,14.200632,17.583822
yellow,Queens,LaGuardia Airport,12815,0.9516191962543894,0.59338295,10.530161529457667,5.8400326,5.6634536,11.331636,13.715225
yellow,Manhattan,Randalls Island,12,0.9166666666666666,0.55139214,12.470833333333333,5.2957826,4.635017,11.241311,14.901423
yellow,Queens,East Elmhurst,1244,0.9397106109324759,0.4475572,10.221921221864951,4.291692,5.445733,10.814171,13.474716
yellow,Queens,Flushing Meadows-Corona Park,182,0.8791208791208791,0.41693446,8.962142857142856,3.9872806,4.9971538,10.805212,14.028313
yellow,Queens,Saint Michaels Cemetery/Woodside,25,0.96,0.3810724,12.0976,3.9642487,5.581186,12.052927,15.99523
yellow,EWR,Newark Airport,10,0.8,0.28321892,14.11,3.1082814,4.8379393,13.36848,17.99234
yellow,Queens,Baisley Park,124,0.6209677419354839,0.2578938,9.611290322580645,3.093922,4.39277,10.851154,15.316699
yellow,Queens,Sunnyside,261,0.7662835249042146,0.32940644,8.405938697318007,2.8852763,4.6400013,9.998011,13.72165
yellow,Manhattan,Battery Park City,2219,0.9423163587201442,0.62034446,4.905087877422262,2.8128028,2.5453203,5.301669,6.4106083
yellow,Manhattan,World Trade Center,1668,0.9046762589928058,0.6098037,5.043872901678657,2.790198,2.4873905,5.395979,6.6217666
yellow,Staten Island,Stapleton,1,0.0,0.35036257,0.0,2.7295983,0.24909785,7.9350004,24.270815
yellow,Unknown,Outside of NYC,89,0.6292134831460674,0.26788592,11.317977528089887,2.692953,3.9371672,12.303627,20.007395
yellow,Brooklyn,Red Hook,52,0.5576923076923077,0.32564452,5.291730769230769,2.6808314,3.4845798,7.8740973,10.670996
yellow,Manhattan,Financial District North,2018,0.9202180376610506,0.6052924,4.827998017839445,2.6753445,2.4133964,5.1303606,6.2833166
yellow,Manhattan,Financial District South,963,0.8951194184839044,0.5743424,4.917071651090343,2.6358204,2.4296637,5.3118463,6.5768747
yellow,Queens,College Point,9,0.4444444444444444,0.3434277,3.4955555555555557,2.631804,2.8359044,7.101823,10.350231
yellow,Queens,Steinway,77,0.7142857142857143,0.28341284,8.32012987012987,2.5640895,4.0724835,9.053657,12.504594
yellow,Queens,Long Island City/Hunters Point,195,0.7384615384615385,0.29343814,8.402410256410256,2.558543,4.3006725,9.5461035,13.127446
yellow,Queens,Maspeth,50,0.72,0.3078258,7.555599999999999,2.5582917,3.9774475,8.427575,11.14523
yellow,Manhattan,Battery Park,125,0.92,0.57393354,4.76672,2.5446858,2.3816888,5.1274033,6.1421266
yellow,Queens,Willets Point,3,0.3333333333333333,0.19920893,2.1766666666666667,2.50311,4.9880157,11.59967,17.024235
yellow,Queens,Woodside,68,0.6764705882352942,0.29366833,6.6191176470588236,2.48647,3.9051998,8.549647,11.6726
yellow,Queens,Jamaica Bay,1,1.0,0.32152447,11.45,2.4532802,4.091957,8.891003,10.452588
yellow,Queens,Springfield Gardens South,67,0.5671641791044776,0.21290682,9.065223880597015,2.4022768,3.5864167,9.644892,14.6980505
yellow,Manhattan,Times Sq/Theatre District,11841,0.9407989190102187,0.59907377,4.452647580440841,2.3743076,2.3107088,4.669838,5.8466253
yellow,Manhattan,TriBeCa/Civic Center,4838,0.9379909053327822,0.6253801,4.034547333608929,2.3649457,2.0482242,4.3501534,5.4072623
yellow,Queens,Jackson Heights,110,0.5636363636363636,0.23774435,6.556636363636364,2.357392,3.8793213,8.608975,11.8888035
yellow,Manhattan,Seaport,637,0.8963893249607535,0.54779553,4.448037676609105,2.3180943,2.304354,4.887188,6.0219564
yellow,Brooklyn,Marine Park/Floyd Bennett Field,1,1.0,0.27584732,7.0,2.3112402,3.1589842,9.788266,11.379703
yellow,Queens,Breezy Point/Fort Tilden/Riis Beach,1,1.0,0.38542178,5.0,2.3024993,2.618251,6.774086,8.858106
yellow,Manhattan,West Chelsea/Hudson Yards,6449,0.9427818266397892,0.6333388,3.8411862304233217,2.244642,1.9238304,4.1019936,4.9898615
yellow,Brooklyn,DUMBO/Vinegar Hill,133,0.8646616541353384,0.45513552,4.591353383458647,2.2442696,2.5475914,5.3304477,6.674031
yellow,Manhattan,Midtown South,7767,0.9385863267670915,0.64050883,3.73568816788979,2.2354016,1.9307374,4.076102,4.9390807
yellow,Queens,South Ozone Park,168,0.5892857142857143,0.18258135,9.913988095238095,2.2339697,4.8282037,11.294967,16.171446
yellow,Manhattan,Midtown East,13604,0.9592031755366068,0.6316238,3.8636408409291385,2.2331762,2.003755,4.052405,5.001674
yellow,Manhattan,Garment District,5129,0.9245466952622343,0.62262774,3.7817469292259704,2.222201,2.0225768,4.1136127,5.101601
yellow,Manhattan,East Chelsea,9892,0.9423776789324707,0.6120593,3.98364638091387,2.2121236,2.0310078,4.174181,5.0992775
yellow,Manhattan,Midtown Center,18123,0.9545880924791701,0.6132127,4.011583071235447,2.2083561,2.0509684,4.170778,5.15226
yellow,Manhattan,Meatpacking/West Village West,3318,0.9463532248342374,0.6044389,3.9571036769138037,2.177913,1.9540259,4.200827,5.130693
yellow,Manhattan,Penn Station/Madison Sq West,13727,0.9412836016609601,0.61170787,3.9480491003132516,2.1769981,1.9588047,4.124905,5.0289154
yellow,Manhattan,Hudson Sq,1832,0.9454148471615721,0.6197276,3.803242358078603,2.176111,1.9203581,4.071412,5.0053062
yellow,Manhattan,SoHo,2906,0.9387474191328287,0.62026316,3.721290433585685,2.1741586,1.8639746,4.0332456,4.9671702
yellow,Manhattan,Little Italy/NoLiTa,3641,0.9269431474869542,0.61292964,3.6938450975006867,2.1633394,1.9648205,3.9755185,4.9378104
yellow,Manhattan,Murray Hill,10416,0.946236559139785,0.62264067,3.7034975038402456,2.1613164,1.9825528,3.9655664,4.8879647
yellow,Manhattan,Central Park,5628,0.9609097370291401,0.6306718,3.6798933901918973,2.1485574,1.9706752,3.8266344,4.6856885
yellow,Manhattan,Lower East Side,3796,0.9117492096944152,0.60328907,3.7824077976817705,2.1364796,1.9230859,4.1302695,4.9521403
yellow,Manhattan,Chinatown,519,0.8766859344894027,0.5158867,4.468554913294797,2.1315098,2.1380355,4.749684,6.2093163
yellow,Manhattan,Clinton East,8580,0.9399766899766899,0.6251479,3.6681864801864803,2.1244862,1.9555807,3.926262,4.8054776
yellow,Queens,Forest Park/Highland Park,3,0.6666666666666666,0.20809205,10.969999999999999,2.1162736,3.5563676,9.240377,12.636059
yellow,Manhattan,Midtown North,10716,0.9558603956700261,0.59868705,3.989255319148936,2.1134148,1.9733981,4.163938,5.1743126
yellow,Manhattan,West Village,8108,0.9454859398125308,0.632327,3.566751356684756,2.0883496,1.8259617,3.7818959,4.596466
yellow,Queens,Briarwood/Jamaica Hills,40,0.5,0.21089146,7.0665000000000004,2.0863414,3.293431,7.7393517,10.909496
yellow,Manhattan,Lenox Hill East,7186,0.9510158641803507,0.61499834,3.4930253270247706,2.0813751,1.9220635,3.827148,4.7617583
yellow,Manhattan,UN/Turtle Bay South,3751,0.9322847240735804,0.57757205,3.8253905625166627,2.0786629,2.05629,4.191562,5.1857305
yellow,Manhattan,Stuy Town/Peter Cooper Village,328,0.8780487804878049,0.6188044,3.3026524390243903,2.0734503,1.8529614,3.782739,4.6825333
yellow,Manhattan,Lincoln Square East,11525,0.9640780911062907,0.627938,3.5111670281995657,2.0534706,1.8491552,3.6941776,4.593682
yellow,Manhattan,Upper West Side South,9825,0.9693638676844784,0.63462824,3.4559165394402034,2.0254207,1.8062685,3.623332,4.4545035
yellow,Manhattan,Greenwich Village South,5427,0.9327436889625944,0.60270905,3.522487562189055,2.0190878,1.8305281,3.8424988,4.6956744
yellow,Unknown,Unknown,717,0.9302649930264993,0.45140588,4.655857740585774,2.0121365,2.438731,5.174239,6.741544
yellow,Manhattan,Gramercy,7096,0.9471533258173619,0.6064824,3.4598083427282975,2.0067208,1.8595539,3.7604783,4.628087
yellow,Manhattan,Yorkville East,4495,0.9666295884315906,0.6130111,3.3967719688542823,2.0064495,1.7929704,3.743195,4.622738
yellow,Manhattan,Flatiron,5662,0.9438361003179089,0.60864633,3.4807170611091487,2.0040085,1.8796165,3.8018417,4.688589
yellow,Manhattan,Kips Bay,3481,0.9051996552714737,0.6093662,3.324424016087331,1.9968479,1.843334,3.7396705,4.6063204
yellow,Manhattan,East Village,8148,0.9268532155130094,0.6040886,3.4890058910162,1.9951855,1.8201108,3.8107686,4.5543327
yellow,Manhattan,Upper East Side North,16327,0.9726220371164329,0.6343293,3.2262019966925948,1.9859233,1.8058625,3.5000956,4.2951097
yellow,Manhattan,Sutton Place/Turtle Bay North,6226,0.9558303886925795,0.6030628,3.499921297783488,1.9847705,1.8410319,3.7870398,4.6317234
yellow,Manhattan,Two Bridges/Seward Park,371,0.7628032345013477,0.50424904,3.680188679245283,1.9788084,2.076272,4.320367,5.4566975
yellow,Manhattan,Upper West Side North,6624,0.9645229468599034,0.61863595,3.3427687198067635,1.9703393,1.7735379,3.5931756,4.4013567
yellow,Manhattan,Clinton West,1840,0.9173913043478261,0.5828302,3.565978260869565,1.9535084,1.9009185,3.8439767,4.7762823
yellow,Manhattan,Lincoln Square West,3731,0.9541677834360761,0.6059561,3.243487000804074,1.944497,1.8798366,3.6027548,4.468854
yellow,Manhattan,Greenwich Village North,5171,0.9508799071746278,0.5878903,3.551336298588281,1.9392856,1.8489128,3.7450218,4.602471
yellow,Manhattan,Union Sq,10345,0.9498308361527308,0.58253914,3.541391010149831,1.9300468,1.8123341,3.8290935,4.6177163
yellow,Manhattan,Lenox Hill West,8381,0.9638467963250209,0.6224088,3.118489440400907,1.9244485,1.7613544,3.4623682,4.263853
yellow,Manhattan,Yorkville West,6515,0.9600920951650038,0.6082679,3.1881765157329243,1.9174893,1.7674425,3.5329442,4.3843193
yellow,Manhattan,Alphabet City,430,0.8511627906976744,0.5607919,3.3014186046511624,1.9010562,1.8254461,3.9021938,4.7265587
yellow,Manhattan,Bloomingdale,747,0.9397590361445783,0.5618334,3.4186211512717537,1.8945466,1.8703022,3.676248,4.5330133
yellow,Manhattan,Upper East Side South,19177,0.9711112269906659,0.61279994,3.2605303227825,1.886203,1.707478,3.4962814,4.2889585
yellow,Brooklyn,Williamsburg (North Side),130,0.8461538461538461,0.43070316,4.0647692307692305,1.8786612,2.1136048,4.6132364,5.945359
yellow,Manhattan,Morningside Heights,1431,0.9196366177498253,0.49635482,3.6214744933612857,1.8265265,2.0141804,3.9387424,5.146654
yellow,Queens,Long Island City/Queens Plaza,107,0.8411214953271028,0.38047615,4.75803738317757,1.7924051,2.5446775,5.450893,7.2632675
yellow,Manhattan,Manhattan Valley,2473,0.9421754953497776,0.55710363,3.294419733117671,1.7859932,1.8301263,3.517849,4.3622622
yellow,Brooklyn,Downtown Brooklyn/MetroTech,187,0.6951871657754011,0.3903009,3.89144385026738,1.7662905,2.1629822,4.5120335,6.14919
yellow,Manhattan,East Harlem South,1832,0.8471615720524017,0.5017748,3.0753711790393012,1.7070371,1.8326155,3.7238495,4.9826236
yellow,Brooklyn,Brooklyn Navy Yard,14,0.7857142857142857,0.37850028,3.4978571428571428,1.6733781,2.484541,4.939858,6.0176206
yellow,Brooklyn,Williamsburg (South Side),97,0.7525773195876289,0.3572369,3.8346391752577316,1.6578056,2.34459,4.8761353,6.266102
yellow,Queens,Elmhurst/Maspeth,30,0.4666666666666667,0.20101222,3.993,1.611858,3.1336403,6.1339693,8.772188
yellow,Brooklyn,Carroll Gardens,32,0.71875,0.34781447,3.3659375000000002,1.5664932,2.2138386,4.0730805,5.4720097
yellow,Brooklyn,Brooklyn Heights,161,0.6211180124223602,0.33852792,2.9016149068322985,1.5603656,2.109217,4.358379,6.1068788
yellow,Manhattan,Manhattanville,164,0.7012195121951219,0.38735133,2.689451219512195,1.5462861,1.9091634,3.9011786,5.2039456
yellow,Queens,Kew Gardens,55,0.509090909090909,0.13019362,7.2219999999999995,1.5110959,4.2675815,9.263763,13.229133
yellow,Queens,Corona,38,0.2631578947368421,0.13770464,4.070526315789474,1.4809637,2.7525015,6.2585716,9.42246
yellow,Manhattan,East Harlem North,582,0.6494845360824743,0.41219655,2.4351202749140892,1.4791708,1.77644,3.661658,5.082005
yellow,Queens,South Jamaica,82,0.2804878048780488,0.11897141,4.487439024390245,1.4738382,2.550284,6.741853,10.896559
yellow,Brooklyn,Greenpoint,61,0.6721311475409836,0.3337153,4.153114754098361,1.4586297,1.9989207,4.246003,5.8235054
yellow,Queens,Howard Beach,12,0.3333333333333333,0.11241507,5.4750000000000005,1.4554534,4.0500817,8.514591,12.589508
yellow,Queens,Astoria,125,0.656,0.3179395,3.26848,1.4462848,2.230055,4.5446467,6.1216874
yellow,Queens,Elmhurst,46,0.3695652173913043,0.16965337,5.72804347826087,1.4403685,2.5718048,6.1091714,9.197031
yellow,Queens,Middle Village,18,0.2777777777777778,0.13787955,8.223888888888888,1.4200727,2.9198103,6.863943,10.338143
yellow,Brooklyn,Cobble Hill,52,0.7115384615384616,0.31848943,3.2571153846153846,1.3718728,1.9491042,4.026185,5.6126866
yellow,Manhattan,Washington Heights South,217,0.5023041474654378,0.2800558,2.6525345622119816,1.3643721,1.9254345,4.5237093,7.066584
yellow,Brooklyn,Green-Wood Cemetery,1,1.0,0.4292936,4.28,1.3024727,1.4744594,3.3224874,4.3629317
yellow,Manhattan,Central Harlem,683,0.7159590043923866,0.36751118,2.5568521229868226,1.2873061,1.7362851,3.5147743,4.888248
yellow,Brooklyn,Columbia Street,5,0.6,0.22317107,4.746,1.2768089,2.9138176,5.2998357,7.561862
yellow,Queens,Richmond Hill,107,0.3644859813084112,0.110356145,6.1499999999999995,1.265253,3.3732462,8.485998,12.999078
yellow,Queens,Jamaica,129,0.32558139534883723,0.13805412,3.5453488372093025,1.2618403,2.2637012,6.0837274,9.739857
yellow,Brooklyn,Boerum Hill,141,0.5673758865248227,0.2854829,2.9744680851063827,1.2531085,1.9970207,3.9799316,5.7152433
yellow,Queens,Old Astoria,55,0.5636363636363636,0.27972266,2.5714545454545457,1.2448807,2.0581226,4.1794267,6.0752196
yellow,Brooklyn,East Williamsburg,107,0.5233644859813084,0.22040069,3.7408411214953268,1.2294905,2.1748188,4.9077,6.9556212
yellow,Manhattan,Roosevelt Island,29,0.20689655172413793,0.13720392,2.544137931034483,1.1243054,2.3076875,4.859733,7.3979735
yellow,Brooklyn,Fort Greene,195,0.49230769230769234,0.25972372,2.4343589743589744,1.0999974,1.7291225,3.6637933,5.155928
yellow,Brooklyn,Prospect Park,14,0.5714285714285714,0.2858443,2.0385714285714287,1.0544157,1.80277,3.39819,4.647233
yellow,Manhattan,Hamilton Heights,194,0.5,0.25460026,2.3601030927835054,1.0522206,1.6679862,3.6363006,5.66929
yellow,Queens,Astoria Park,2,0.0,0.23920627,0.0,1.0065935,1.7341399,4.097744,6.169632
yellow,Brooklyn,South Williamsburg,23,0.30434782608695654,0.19773087,1.3134782608695652,0.9314003,1.6095372,3.927921,5.827754
yellow,Brooklyn,Park Slope,141,0.3829787234042553,0.1918928,2.140141843971631,0.90429425,1.5009758,3.456883,5.1847196
yellow,Brooklyn,Prospect Heights,49,0.4489795918367347,0.21257068,2.1416326530612246,0.8962972,1.9737157,3.7197704,5.4297614
yellow,Bronx,Pelham Bay Park,2,0.5,0.098413035,2.5,0.8795049,1.6413468,6.617646,9.812621
yellow,Bronx,Van Cortlandt Park,6,0.16666666666666666,0.0823895,7.406666666666666,0.8769153,1.9216024,4.744061,8.292552
yellow,Queens,Rego Park,32,0.21875,0.090346195,2.7018750000000002,0.84966743,1.7801837,5.23782,8.177643
yellow,Manhattan,Washington Heights North,81,0.2345679012345679,0.16760491,1.195925925925926,0.84374934,1.7412626,3.9264545,6.434975
yellow,Brooklyn,Dyker Heights,14,0.07142857142857142,0.10126922,0.004285714285714286,0.81422794,2.0096197,4.862805,8.138021
yellow,Brooklyn,Gowanus,20,0.2,0.16686472,1.2795,0.81134623,1.8320677,3.519137,5.150739
yellow,Queens,Bay Terrace/Fort Totten,6,0.3333333333333333,0.088874064,6.168333333333333,0.81101996,2.26989,5.9058404,10.322598
yellow,Queens,Queensbridge/Ravenswood,43,0.3953488372093023,0.16644281,2.4288372093023254,0.7895635,1.7151885,3.7875104,6.2487574
yellow,Brooklyn,Windsor Terrace,18,0.2222222222222222,0.16913411,0.9872222222222222,0.783706,2.0148878,4.1156635,6.226227
yellow,Manhattan,Inwood,35,0.17142857142857143,0.08691997,1.5354285714285716,0.64696157,1.958259,4.78107,8.453181
yellow,Brooklyn,Sunset Park West,55,0.12727272727272726,0.10106896,0.8541818181818183,0.6055697,1.6476866,3.8226554,6.1111655
yellow,Bronx,West Concourse,52,0.23076923076923078,0.10457991,3.2532692307692312,0.58273095,1.5452135,4.016385,7.6695743
yellow,Queens,Forest Hills,89,0.16853932584269662,0.06712684,2.542247191011236,0.56074905,2.0638669,4.435683,7.0204144
yellow,Brooklyn,Bushwick North,37,0.21621621621621623,0.13380352,1.1232432432432433,0.49033505,1.4103957,3.0266824,4.794559
yellow,Manhattan,Central Harlem North,317,0.29337539432176657,0.1407516,1.1289589905362776,0.4846793,1.3443733,3.0846856,5.197169
yellow,Queens,Kew Gardens Hills,23,0.17391304347826086,0.05488874,1.796521739130435,0.46558943,1.7190741,4.6507735,7.9629674
yellow,Queens,Douglaston,5,0.2,0.045634754,2.7079999999999997,0.4470767,2.1621194,5.8606405,9.638431
yellow,Queens,Glen Oaks,9,0.1111111111111111,0.037152246,0.5555555555555556,0.41733983,1.5072027,5.2960296,10.000835
yellow,Brooklyn,Bushwick South,97,0.12371134020618557,0.0748999,0.8722680412371134,0.40463504,1.3073242,3.268204,5.994934
yellow,Queens,Ridgewood,24,0.125,0.0657662,0.4658333333333333,0.40321705,1.7883631,3.5863411,6.180483
yellow,Bronx,Highbridge,38,0.15789473684210525,0.051080223,1.2484210526315789,0.3994256,1.2343318,4.10076,8.005224
yellow,Queens,Cambria Heights,22,0.045454545454545456,0.036960524,0.45454545454545453,0.37511647,1.4505236,5.0294585,10.271315
yellow,Brooklyn,Kensington,22,0.13636363636363635,0.06024693,0.2318181818181818,0.35753524,1.4171529,3.1437635,5.8804293
yellow,Bronx,Schuylerville/Edgewater Park,22,0.045454545454545456,0.03648396,0.4422727272727273,0.3113575,1.1889462,3.6959465,6.989362
yellow,Brooklyn,Bensonhurst West,40,0.05,0.058525465,1.2502499999999999,0.31006426,1.874225,4.1170435,6.95975
yellow,Queens,Ozone Park,12,0.08333333333333333,0.027254475,3.3333333333333335,0.2937961,1.4203182,4.7377768,9.208911
yellow,Brooklyn,Clinton Hill,109,0.11926605504587157,0.075598404,0.5828440366972477,0.2767402,1.1379309,2.764934,4.755917
yellow,Manhattan,Marble Hill,7,0.14285714285714285,0.07407309,0.7571428571428571,0.26790637,1.6532568,5.386113,11.303878
yellow,Queens,Queens Village,31,0.0967741935483871,0.02899371,1.4822580645161292,0.26002082,1.1927397,4.1548953,8.794463
yellow,Bronx,Spuyten Duyvil/Kingsbridge,33,0.09090909090909091,0.036046714,1.7878787878787878,0.25084314,0.87009114,3.017255,5.978943
yellow,Queens,Hillcrest/Pomonok,31,0.16129032258064516,0.060690925,0.47096774193548385,0.24838316,1.3207074,3.3904257,6.258794
yellow,Queens,Queensboro Hill,8,0.125,0.051434647,0.83,0.24292699,1.0823904,3.139,5.3599825
yellow,Brooklyn,Bedford,97,0.15463917525773196,0.07017283,0.6036082474226804,0.24250127,0.95382535,2.426176,4.493319
yellow,Brooklyn,Crown Heights South,72,0.09722222222222222,0.05032007,0.625,0.23320158,1.2211704,2.839086,5.1327276
yellow,Queens,North Corona,15,0.06666666666666667,0.040488727,0.5326666666666667,0.23118779,1.017764,3.0902102,5.896298
yellow,Queens,Bellerose,13,0.15384615384615385,0.039945506,11.241538461538461,0.22838451,1.679455,4.7432446,8.760139
yellow,Brooklyn,Prospect-Lefferts Gardens,155,0.05806451612903226,0.0402612,0.30006451612903223,0.21081604,1.1483823,2.976302,5.7442093
yellow,Brooklyn,Coney Island,116,0.034482758620689655,0.028115414,0.4711206896551724,0.20881158,1.6267153,4.2752724,7.950368
yellow,Brooklyn,East New York/Pennsylvania Avenue,60,0.0,0.022038179,0.0,0.18506823,1.2233887,3.4113338,6.686536
yellow,Brooklyn,Stuyvesant Heights,141,0.05673758865248227,0.03893999,0.4731205673758865,0.18114778,1.1409836,2.8635728,5.2676578
yellow,Bronx,Mount Hope,34,0.058823529411764705,0.021720007,0.9644117647058823,0.17762397,0.63702077,3.0270672,7.0847054
yellow,Queens,Auburndale,10,0.0,0.0295542,0.0,0.17574923,1.2651839,4.1950297,8.011284
yellow,Brooklyn,Crown Heights North,225,0.035555555555555556,0.036425978,0.1916888888888889,0.17053223,1.2053012,3.1237326,5.7072883
yellow,Brooklyn,Ocean Hill,78,0.038461538461538464,0.024281375,0.5384615384615384,0.16833197,0.9936859,2.8467052,5.5401516
yellow,Bronx,Belmont,28,0.07142857142857142,0.028402949,1.0914285714285714,0.16730864,0.8934683,3.1839256,6.4000983
yellow,Brooklyn,Marine Park/Mill Basin,55,0.03636363636363636,0.025673509,0.3676363636363636,0.1665229,1.208003,2.8698814,5.543231
yellow,Queens,Flushing,46,0.08695652173913043,0.03074107,0.5836956521739131,0.16648951,1.1518346,3.376391,6.5881467
yellow,Brooklyn,Bay Ridge,69,0.028985507246376812,0.033485606,0.22202898550724637,0.14613637,1.4614255,3.3452044,6.0189037
yellow,Brooklyn,Homecrest,51,0.058823529411764705,0.03565058,0.30392156862745096,0.14268811,1.514334,3.6184518,6.6440578
yellow,Queens,Rosedale,22,0.045454545454545456,0.01694434,0.9090909090909091,0.13987504,1.4452034,4.662481,9.5191
yellow,Brooklyn,Brighton Beach,41,0.024390243902439025,0.023862137,0.00024390243902439024,0.1341081,1.4519793,3.9691799,7.113459
yellow,Brooklyn,Cypress Hills,38,0.02631578947368421,0.018537678,0.5052631578947369,0.1304609,1.5236114,3.8412786,6.916309
yellow,Queens,Laurelton,24,0.041666666666666664,0.026712263,0.10875,0.12955584,1.2573193,4.328437,9.633847
yellow,Queens,Jamaica Estates,32,0.0,0.019606914,0.0,0.12899685,1.3367342,3.7190588,7.045293
yellow,Brooklyn,East Flatbush/Remsen Village,123,0.008130081300813009,0.03223313,0.09512195121951218,0.126454,1.3478016,3.0069654,5.143639
yellow,Brooklyn,Brownsville,168,0.005952380952380952,0.021743411,0.1030952380952381,0.12573531,1.6398318,3.9322324,7.0238533
yellow,Brooklyn,Canarsie,165,0.006060606060606061,0.021779811,0.056,0.12361084,1.4233924,3.6996734,7.49619
yellow,Bronx,Van Nest/Morris Park,38,0.02631578947368421,0.01748116,0.25578947368421057,0.12108777,0.5162189,2.6568758,7.043405
yellow,Queens,Springfield Gardens North,58,0.017241379310344827,0.015431241,0.35206896551724143,0.12065052,1.0941571,3.605279,7.0659604
yellow,Queens,Murray Hill-Queens,11,0.09090909090909091,0.03695685,0.29818181818181816,0.11391313,1.4572232,3.8764544,6.771559
yellow,Brooklyn,Flatbush/Ditmas Park,167,0.029940119760479042,0.021740051,0.16724550898203594,0.11279436,0.98289734,2.92152,5.634842
yellow,Bronx,Claremont/Bathgate,47,0.02127659574468085,0.02100521,0.17446808510638295,0.111943394,0.61011505,2.7000115,6.5569873
yellow,Bronx,Mott Haven/Port Morris,65,0.03076923076923077,0.0272082,0.19538461538461538,0.10290095,0.5823691,2.5351322,5.4209666
yellow,Brooklyn,East New York,266,0.011278195488721804,0.019471537,0.12421052631578947,0.0917813,1.1692235,3.168596,5.9807196
yellow,Bronx,Soundview/Castle Hill,71,0.028169014084507043,0.014297932,0.39901408450704223,0.08929967,0.8286102,2.7958753,6.4206
yellow,Bronx,Bronxdale,43,0.023255813953488372,0.013877363,0.11627906976744186,0.08843745,0.74568236,2.9286678,6.9548297
yellow,Brooklyn,Midwood,71,0.014084507042253521,0.01694721,0.14788732394366197,0.08147529,0.8753707,2.4552457,4.6911826
yellow,Brooklyn,Sheepshead Bay,60,0.016666666666666666,0.022437625,0.10166666666666666,0.07661495,1.4439005,3.8258317,7.2767186
yellow,Queens,Glendale,18,0.0,0.02782513,0.0,0.076008335,1.2204374,2.9551904,5.7169776
yellow,Brooklyn,Bensonhurst East,30,0.0,0.024595212,0.0,0.07361043,1.5358354,3.3520217,6.107783
yellow,Brooklyn,Erasmus,57,0.0,0.019764492,0.0,0.07122329,1.2524728,3.1177173,5.571668
yellow,Brooklyn,Borough Park,56,0.0,0.025621545,0.0,0.069139466,1.1743115,2.77313,5.211045
yellow,Bronx,Kingsbridge Heights,31,0.03225806451612903,0.01901793,0.04451612903225806,0.06407651,0.8606144,3.0387046,5.8729067
yellow,Queens,Far Rockaway,69,0.014492753623188406,0.008786419,0.2147826086956522,0.06297158,0.9749165,4.103717,9.909511
yellow,Queens,Rockaway Park,21,0.047619047619047616,0.020529654,0.09619047619047619,0.05908668,1.1601002,4.4404516,10.777998
yellow,Manhattan,Inwood Hill Park,2,0.0,0.014420658,0.0,0.05661783,1.6118108,5.2988777,10.175629
yellow,Bronx,Van Cortlandt Village,37,0.02702702702702703,0.014717435,0.02702702702702703,0.05604925,1.0262831,3.3787346,7.337121
yellow,Bronx,Williamsbridge/Olinville,62,0.0,0.014705614,0.0,0.055730358,0.749885,3.2903354,7.734552
yellow,Bronx,Morrisania/Melrose,56,0.017857142857142856,0.016194528,0.05357142857142857,0.055479657,0.77292025,2.4406753,5.27629
yellow,Bronx,Eastchester,30,0.03333333333333333,0.016363265,0.11333333333333333,0.05387121,0.95874673,3.5483394,7.7747445
yellow,Bronx,Norwood,40,0.0,0.010756416,0.0,0.052868716,0.61485815,2.942017,7.046364
yellow,Brooklyn,Ocean Parkway South,7,0.0,0.015642101,0.0,0.043568563,1.0488411,3.2324886,5.61453
yellow,Brooklyn,Sunset Park East,25,0.0,0.013772138,0.0,0.042377353,1.3844452,3.640009,6.513037
yellow,Bronx,Bronx Park,1,0.0,0.012345556,0.0,0.040027633,1.77705,3.3710806,5.8824987
yellow,Brooklyn,Manhattan Beach,22,0.0,0.009294229,0.0,0.037041746,1.5187955,4.2885785,8.549506
yellow,Bronx,Westchester Village/Unionport,43,0.023255813953488372,0.011724734,0.1055813953488372,0.036259357,0.6673134,2.8810303,6.3142376
yellow,Brooklyn,East Flatbush/Farragut,108,0.0,0.0124100065,0.0,0.03596974,0.7937425,2.4540148,5.287812
yellow,Queens,Oakland Gardens,5,0.0,0.011233137,0.0,0.03582499,1.2442639,4.0915756,8.065889
yellow,Bronx,Riverdale/North Riverdale/Fieldston,28,0.03571428571428571,0.013636573,0.15321428571428572,0.03500685,0.6423493,2.8303115,7.2164674
yellow,Brooklyn,Madison,24,0.0,0.012688804,0.0,0.03396215,1.1312217,3.154722,6.161451
yellow,Queens,Whitestone,8,0.0,0.00780237,0.0,0.030769251,1.6160955,3.91374,6.9142437
yellow,Bronx,Bedford Park,45,0.022222222222222223,0.010626039,0.5677777777777778,0.029489776,0.7064308,3.0109181,7.6046352
yellow,Queens,Saint Albans,89,0.0,0.008764346,0.0,0.029396154,1.301341,3.8125744,7.6793275
yellow,Bronx,University Heights/Morris Heights,65,0.015384615384615385,0.011431312,0.23861538461538462,0.028789181,0.55011195,2.3541684,5.062815
yellow,Brooklyn,Gravesend,38,0.0,0.0096180495,0.0,0.027424417,1.0633533,3.256074,6.861725
yellow,Bronx,Co-Op City,77,0.012987012987012988,0.0050631734,0.38441558441558443,0.02683808,0.7261808,2.9855483,7.6083446
yellow,Queens,Bayside,9,0.0,0.006908151,0.0,0.026556589,1.5183864,4.097811,8.364251
yellow,Brooklyn,Flatlands,107,0.0,0.010498114,0.0,0.02639379,1.0008619,2.7510188,5.2465854
yellow,Queens,Woodhaven,26,0.0,0.008997231,0.0,0.026039328,1.1804109,3.331533,6.4586725
yellow,Queens,East Flushing,2,0.0,0.007531937,0.0,0.024980012,1.0741086,3.6545966,7.416479
yellow,Bronx,Allerton/Pelham Gardens,17,0.0,0.007779921,0.0,0.024746748,1.2337981,3.4073298,6.2443714
yellow,Queens,Hollis,18,0.0,0.0064935866,0.0,0.022751326,0.99096775,4.0548,8.425565
yellow,Brooklyn,Bath Beach,8,0.0,0.0058789477,0.0,0.022238944,1.0237882,4.1077986,10.086739
yellow,Bronx,Parkchester,64,0.015625,0.008326075,0.05125,0.021150425,0.61758035,2.6138713,5.807787
yellow,Bronx,East Concourse/Concourse Village,93,0.010752688172043012,0.009649274,0.01870967741935484,0.021060877,0.31671286,1.8466974,5.0769644
yellow,Bronx,Pelham Parkway,20,0.0,0.006812466,0.0,0.020832738,1.0405986,3.193021,6.771328
yellow,Bronx,Longwood,26,0.0,0.008173879,0.0,0.020806381,0.7860676,2.8457654,6.514135
yellow,Brooklyn,Starrett City,69,0.0,0.0077362857,0.0,0.020444317,0.9072118,2.8738735,6.0305505
yellow,Bronx,City Island,1,0.0,0.0047932286,0.0,0.017743366,1.5396464,5.2229543,16.518732
yellow,Bronx,Soundview/Bruckner,22,0.0,0.0070728813,0.0,0.01722866,0.7716119,2.7624412,6.175043
yellow,Bronx,Woodlawn/Wakefield,35,0.0,0.0058131814,0.0,0.017024305,0.5643227,3.2133794,8.110871
yellow,Bronx,Fordham South,20,0.0,0.0056135934,0.0,0.015707599,0.9831545,3.1556342,6.9351106
yellow,Bronx,Hunts Point,21,0.0,0.006749503,0.0,0.015587712,0.4498474,2.5444653,6.8070955
yellow,Bronx,Crotona Park East,20,0.0,0.0066553354,0.0,0.015396227,0.6743893,2.6733546,5.901151
yellow,Manhattan,Highbridge Park,1,0.0,0.008554415,0.0,0.015022118,0.45810828,1.9367716,3.7415621
yellow,Bronx,Melrose South,50,0.0,0.007356968,0.0,0.015017727,0.48007092,2.1928751,4.9749
yellow,Queens,Hammels/Arverne,47,0.0,0.005303926,0.0,0.014904812,0.6350428,3.2969103,8.257129
yellow,Bronx,Country Club,1,0.0,0.004061042,0.0,0.012384567,0.8006927,3.6938004,10.496019
yellow,Queens,Fresh Meadows,7,0.0,0.004788755,0.0,0.012228514,0.99119675,3.0776985,6.7400994
yellow,Bronx,Pelham Bay,12,0.0,0.004229484,0.0,0.010017614,0.49015263,2.6666338,8.575304
yellow,Bronx,East Tremont,45,0.0,0.004824837,0.0,0.009893843,0.4651879,2.2590828,5.6742287
yellow,Bronx,West Farms/Bronx River,21,0.0,0.0041794963,0.0,0.008484159,0.46152678,2.24367,5.705872
