zone_id,zone,pickup_count,dropoff_count,out_degree,in_degree,flow_count,avg_tip,tip_rate
74,East Harlem North,44203,8742,179,124,52945,3.39484989706581,0.9385562065923128
75,East Harlem South,24823,12923,200,151,37746,3.281037747250534,0.9270434677516819
237,Upper East Side South,19177,20210,144,126,39387,3.2605303227825,0.9711112269906659
161,Midtown Center,18123,14924,160,138,33047,4.011583071235447,0.9545880924791701
236,Upper East Side North,17648,27196,142,111,44844,3.2487188349954668,0.9725181323662738
132,JFK Airport,16499,4217,247,128,20716,12.543251712224984,0.9242984423298382
43,Central Park,14083,7003,125,89,21086,3.6188901512461835,0.9654903074628985
186,Penn Station/Madison Sq West,13727,8219,171,124,21946,3.9480491003132516,0.9412836016609601
162,Midtown East,13604,11325,161,128,24929,3.8636408409291385,0.9592031755366068
138,LaGuardia Airport,12837,8786,230,122,21623,10.529927553166628,0.9511568123393316
230,Times Sq/Theatre District,11841,11168,164,141,23009,4.452647580440841,0.9407989190102187
142,Lincoln Square East,11526,12649,142,128,24175,3.511319625195211,0.9640812077043207
163,Midtown North,10716,9980,155,118,20696,3.989255319148936,0.9558603956700261
170,Murray Hill,10416,11170,165,155,21586,3.7034975038402456,0.946236559139785
234,Union Sq,10346,9848,140,115,20194,3.542015271602552,0.9498356852890005
68,East Chelsea,9892,9953,157,132,19845,3.98364638091387,0.9423776789324707
239,Upper West Side South,9825,14834,116,103,24659,3.4559165394402034,0.9693638676844784
48,Clinton East,8580,9102,149,130,17682,3.6681864801864803,0.9399766899766899
141,Lenox Hill West,8381,12368,133,122,20749,3.118489440400907,0.9638467963250209
166,Morningside Heights,8355,7742,143,107,16097,3.6840514661879116,0.9421903052064632
79,East Village,8148,7794,137,114,15942,3.4890058910162,0.9268532155130094
249,West Village,8108,6885,129,103,14993,3.566751356684756,0.9454859398125308
164,Midtown South,7767,8076,147,135,15843,3.73568816788979,0.9385863267670915
140,Lenox Hill East,7186,9808,167,158,16994,3.4930253270247706,0.9510158641803507
107,Gramercy,7096,7714,142,143,14810,3.4598083427282975,0.9471533258173619
263,Yorkville West,6653,12696,132,115,19349,3.201567713813317,0.9600180369758003
238,Upper West Side North,6624,15080,106,111,21704,3.3427687198067635,0.9645229468599034
246,West Chelsea/Hudson Yards,6449,7749,127,105,14198,3.8411862304233217,0.9427818266397892
229,Sutton Place/Turtle Bay North,6226,8250,133,115,14476,3.499921297783488,0.9558303886925795
97,Fort Greene,5942,1850,155,119,7792,3.5777246718276676,0.9091215079097947
95,Forest Hills,5887,2726,164,98,8613,3.5282979446237475,0.896551724137931
90,Flatiron,5662,5740,130,120,11402,3.4807170611091487,0.9438361003179089
114,Greenwich Village South,5427,3800,128,94,9227,3.522487562189055,0.9327436889625944
41,Central Harlem,5361,6159,150,130,11520,2.8274911397127402,0.8401417645961574
130,Jamaica,5179,831,184,92,6010,3.9806082255261632,0.7565167020660359
113,Greenwich Village North,5171,5131,118,101,10302,3.551336298588281,0.9508799071746278
100,Garment District,5129,4583,147,121,9712,3.7817469292259704,0.9245466952622343
65,Downtown Brooklyn/MetroTech,4882,1101,158,119,5983,4.198086849651783,0.919705038918476
231,TriBeCa/Civic Center,4838,6430,149,138,11268,4.034547333608929,0.9379909053327822
82,Elmhurst,4547,662,142,71,5209,3.764297338904772,0.8689245656476798
262,Yorkville East,4506,9083,113,101,13589,3.400847758544163,0.9664891256102974
148,Lower East Side,3796,4012,131,99,7808,3.7824077976817705,0.9117492096944152
233,UN/Turtle Bay South,3751,5676,124,120,9427,3.8253905625166627,0.9322847240735804
143,Lincoln Square West,3731,6663,117,114,10394,3.243487000804074,0.9541677834360761
144,Little Italy/NoLiTa,3641,3755,114,97,7396,3.6938450975006867,0.9269431474869542
137,Kips Bay,3481,4822,163,145,8303,3.324424016087331,0.9051996552714737
158,Meatpacking/West Village West,3318,4140,105,85,7458,3.9571036769138037,0.9463532248342374
244,Washington Heights South,3294,2315,153,115,5609,5.69694292653309,0.9195506982392229
66,DUMBO/Vinegar Hill,3141,1059,138,86,4200,4.991349888570519,0.9219993632601082
211,SoHo,2906,3353,104,88,6259,3.721290433585685,0.9387474191328287
151,Manhattan Valley,2473,6745,92,89,9218,3.294419733117671,0.9421754953497776
13,Battery Park City,2219,2815,107,86,5034,4.905087877422262,0.9423163587201442
87,Financial District North,2018,3214,129,123,5232,4.827998017839445,0.9202180376610506
42,Central Harlem North,1876,4412,137,139,6288,2.274269722814499,0.67590618336887
50,Clinton West,1840,3962,112,107,5802,3.565978260869565,0.9173913043478261
125,Hudson Sq,1832,2114,94,99,3946,3.803242358078603,0.9454148471615721
24,Bloomingdale,1798,2462,75,75,4260,3.349660734149054,0.9349276974416018
261,World Trade Center,1668,1776,126,101,3444,5.043872901678657,0.9046762589928058
7,Astoria,1655,1867,126,103,3522,3.5292628398791543,0.8942598187311178
93,Flushing Meadows-Corona Park,1616,323,171,56,1939,9.298508663366336,0.8477722772277227
134,Kew Gardens,1591,1224,85,54,2815,3.0124512884978003,0.8145820238843494
33,Brooklyn Heights,1563,1793,123,123,3356,4.700889315419066,0.9072296865003199
129,Jackson Heights,1462,1910,116,93,3372,3.388392612859097,0.8228454172366622
260,Woodside,1416,680,101,69,2096,3.948495762711864,0.8898305084745762
70,East Elmhurst,1263,624,157,69,1887,10.156627078384798,0.934283452098179
83,Elmhurst/Maspeth,1081,412,98,50,1493,3.4703792784458836,0.8658649398704903
223,Steinway,1070,1432,91,89,2502,3.478056074766355,0.8906542056074767
88,Financial District South,963,1430,117,103,2393,4.917071651090343,0.8951194184839044
255,Williamsburg (North Side),935,1483,115,97,2418,5.056641711229947,0.8737967914438503
92,Flushing,907,649,108,74,1556,3.273120176405733,0.7078280044101434
116,Hamilton Heights,889,2057,103,105,2946,3.415140607424072,0.8110236220472441
264,Unknown,852,1534,97,136,2386,4.50075117370892,0.9002347417840375
25,Boerum Hill,831,1247,118,112,2078,3.4430445246690735,0.8483754512635379
181,Park Slope,724,2645,131,125,3369,4.669267955801105,0.7790055248618785
157,Maspeth,702,421,117,51,1123,6.316481481481482,0.8148148148148148
195,Red Hook,658,489,124,65,1147,8.147370820668693,0.7826747720364742
209,Seaport,637,1084,105,103,1721,4.448037676609105,0.8963893249607535
210,Sheepshead Bay,589,337,62,50,926,1.8711714770797965,0.6876061120543294
80,East Williamsburg,577,848,115,102,1425,6.031403812824957,0.7694974003466204
152,Manhattanville,546,1661,74,76,2207,2.801611721611722,0.8040293040293041
45,Chinatown,519,988,101,103,1507,4.468554913294797,0.8766859344894027
247,West Concourse,451,293,123,67,744,7.854944567627494,0.753880266075388
4,Alphabet City,430,1443,90,93,1873,3.3014186046511624,0.8511627906976744
226,Sunnyside,376,904,98,101,1280,7.309122340425532,0.7952127659574468
232,Two Bridges/Seward Park,371,1618,99,115,1989,3.680188679245283,0.7628032345013477
112,Greenpoint,328,1324,81,97,1652,4.972621951219512,0.8292682926829268
224,Stuy Town/Peter Cooper Village,328,1534,65,81,1862,3.3026524390243903,0.8780487804878049
145,Long Island City/Hunters Point,324,1232,84,102,1556,6.432222222222222,0.7592592592592593
193,Queensbridge/Ravenswood,305,345,65,71,650,2.7647213114754097,0.7704918032786885
146,Long Island City/Queens Plaza,297,486,50,77,783,7.466767676767677,0.8855218855218855
196,Rego Park,281,607,68,50,888,2.92779359430605,0.697508896797153
76,East New York,274,406,111,132,680,0.20416058394160583,0.021897810218978103
61,Crown Heights North,267,1573,107,146,1840,0.692434456928839,0.13857677902621723
52,Cobble Hill,240,624,56,84,864,3.494041666666667,0.9083333333333333
89,Flatbush/Ditmas Park,239,749,95,111,988,4.674435146443515,0.29707112970711297
179,Old Astoria,220,989,56,82,1209,2.999090909090909,0.7954545454545454
216,South Ozone Park,211,927,58,83,1138,8.316682464454976,0.5876777251184834
256,Williamsburg (South Side),198,1363,66,97,1561,4.323787878787879,0.8080808080808081
49,Clinton Hill,194,2204,80,122,2398,1.8181958762886599,0.4484536082474227
243,Washington Heights North,193,1243,69,91,1436,2.376062176165803,0.45595854922279794
55,Coney Island,191,186,92,84,377,1.9004188481675393,0.28272251308900526
34,Brooklyn Navy Yard,187,127,69,35,314,5.999411764705883,0.7647058823529411
197,Richmond Hill,186,701,49,64,887,7.31989247311828,0.5967741935483871
119,Highbridge,176,113,78,42,289,7.939204545454545,0.6875
35,Brownsville,172,186,88,87,358,0.1413953488372093,0.011627906976744186
39,Canarsie,167,202,74,79,369,0.05532934131736527,0.005988023952095809
188,Prospect-Lefferts Gardens,167,846,80,118,1013,0.540179640718563,0.11976047904191617
225,Stuyvesant Heights,153,794,79,115,947,0.7810457516339869,0.08496732026143791
10,Baisley Park,144,747,79,51,891,8.780486111111111,0.6319444444444444
17,Bedford,140,1086,66,114,1226,1.094142857142857,0.2714285714285714
12,Battery Park,125,157,49,38,282,4.76672,0.92
72,East Flatbush/Remsen Village,124,160,59,67,284,0.09435483870967741,0.008064516129032258
265,Outside of NYC,122,2122,32,122,2244,11.853196721311475,0.639344262295082
69,East Concourse/Concourse Village,121,276,65,65,397,0.7542148760330579,0.17355371900826447
168,Mott Haven/Port Morris,118,442,64,76,560,1.070593220338983,0.2796610169491525
37,Bushwick South,113,682,70,108,795,1.5242477876106195,0.23008849557522124
91,Flatlands,113,191,61,82,304,0.05752212389380531,0.017699115044247787
71,East Flatbush/Farragut,110,155,57,65,265,0.04945454545454546,0.00909090909090909
40,Carroll Gardens,106,828,45,91,934,3.844056603773585,0.839622641509434
36,Bushwick North,103,408,55,83,511,3.8397087378640777,0.6116504854368932
215,South Jamaica,102,539,65,45,641,4.200490196078431,0.3431372549019608
205,Saint Albans,96,451,53,54,547,0.1446875,0.052083333333333336
219,Springfield Gardens South,96,224,58,33,320,10.229375,0.59375
189,Prospect Heights,95,1052,47,95,1147,3.650736842105263,0.6526315789473685
159,Melrose South,92,213,46,55,305,1.1182608695652174,0.2717391304347826
56,Corona,88,323,51,49,411,5.721477272727273,0.5340909090909091
177,Ocean Hill,83,201,54,73,284,0.6983132530120482,0.07228915662650602
228,Sunset Park West,83,420,55,93,503,2.2749397590361444,0.3493975903614458
62,Crown Heights South,80,380,51,89,460,1.057,0.1625
51,Co-Op City,78,106,51,57,184,0.3794871794871795,0.01282051282051282
14,Bay Ridge,74,386,54,93,460,0.6412162162162163,0.08108108108108109
165,Midwood,73,154,53,59,227,0.47917808219178076,0.0410958904109589
213,Soundview/Castle Hill,73,113,47,55,186,0.47904109589041094,0.0410958904109589
235,University Heights/Morris Heights,72,129,55,45,201,0.42916666666666664,0.09722222222222222
182,Parkchester,71,89,45,45,160,0.323943661971831,0.09859154929577464
86,Far Rockaway,70,127,47,54,197,0.3545714285714286,0.02857142857142857
28,Briarwood/Jamaica Hills,69,906,41,46,975,5.754347826086956,0.6231884057971014
127,Inwood,69,365,40,71,434,2.677391304347826,0.4492753623188406
222,Starrett City,69,92,46,53,161,0.0,0.0
78,East Tremont,65,72,49,44,137,1.2887692307692307,0.18461538461538463
218,Springfield Gardens North,65,241,46,50,306,0.6103076923076923,0.09230769230769231
254,Williamsbridge/Olinville,65,73,50,47,138,0.3952307692307692,0.03076923076923077
85,Erasmus,63,148,43,60,211,0.3388888888888889,0.07936507936507936
167,Morrisania/Melrose,63,95,42,47,158,0.24555555555555553,0.047619047619047616
77,East New York/Pennsylvania Avenue,60,91,47,49,151,0.0,0.0
198,Ridgewood,59,388,38,72,447,3.1957627118644063,0.4576271186440678
26,Borough Park,58,153,38,63,211,0.14224137931034483,0.034482758620689655
47,Claremont/Bathgate,57,65,41,44,122,0.9343859649122807,0.12280701754385964
29,Brighton Beach,56,169,40,43,225,1.2421428571428572,0.16071428571428573
155,Marine Park/Mill Basin,56,106,36,46,162,0.36107142857142854,0.03571428571428571
174,Norwood,56,65,43,45,121,1.385892857142857,0.21428571428571427
123,Homecrest,55,118,36,48,173,0.46727272727272734,0.12727272727272726
190,Prospect Park,52,132,30,38,184,5.304423076923077,0.8653846153846154
242,Van Nest/Morris Park,52,110,33,57,162,1.1782692307692306,0.15384615384615385
32,Bronxdale,51,41,34,29,92,0.4833333333333333,0.058823529411764705
18,Bedford Park,50,69,40,42,119,0.9936,0.06
117,Hammels/Arverne,50,79,32,48,129,0.14,0.04
173,North Corona,49,187,34,34,236,5.594489795918367,0.46938775510204084
169,Mount Hope,47,77,37,38,124,1.0185106382978724,0.2127659574468085
250,Westchester Village/Unionport,47,66,34,36,113,0.3234042553191489,0.10638297872340426
136,Kingsbridge Heights,44,59,32,39,103,0.17863636363636362,0.06818181818181818
220,Spuyten Duyvil/Kingsbridge,43,238,28,58,281,2.7548837209302324,0.3023255813953488
241,Van Cortlandt Village,43,85,32,51,128,0.046511627906976744,0.046511627906976744
20,Belmont,42,71,31,38,113,3.44452380952381,0.19047619047619047
121,Hillcrest/Pomonok,42,677,33,48,719,1.185952380952381,0.30952380952380953
253,Willets Point,42,15,32,11,57,9.120714285714286,0.6666666666666666
22,Bensonhurst West,41,78,32,45,119,1.2197560975609756,0.04878048780487805
63,Cypress Hills,41,96,32,52,137,0.7082926829268292,0.07317073170731707
108,Gravesend,40,69,31,26,109,0.5435,0.05
217,South Williamsburg,40,158,30,52,198,3.439,0.45
259,Woodlawn/Wakefield,37,60,27,34,97,0.36567567567567566,0.02702702702702703
57,Corona,36,21,29,11,57,7.5088888888888885,0.6111111111111112
191,Queens Village,36,229,31,51,265,2.927777777777778,0.19444444444444445
202,Roosevelt Island,36,246,29,65,282,7.181666666666666,0.3333333333333333
131,Jamaica Estates,35,222,32,46,257,0.2785714285714286,0.05714285714285714
212,Soundview/Bruckner,33,50,28,32,83,0.31636363636363635,0.12121212121212122
54,Columbia Street,32,281,22,48,313,6.91125,0.8125
21,Bensonhurst East,31,68,26,40,99,0.06967741935483872,0.03225806451612903
106,Gowanus,31,397,23,61,428,2.0361290322580645,0.4838709677419355
147,Longwood,31,37,26,24,68,0.11870967741935484,0.06451612903225806
200,Riverdale/North Riverdale/Fieldston,31,196,24,55,227,0.9154838709677419,0.0967741935483871
81,Eastchester,30,32,24,21,62,0.11333333333333333,0.03333333333333333
135,Kew Gardens Hills,30,744,25,41,774,3.165666666666667,0.26666666666666666
160,Middle Village,29,428,19,59,457,6.411379310344828,0.41379310344827586
257,Windsor Terrace,29,307,21,65,336,3.7034482758620686,0.4827586206896552
258,Woodhaven,28,208,21,35,236,0.2735714285714286,0.07142857142857142
207,Saint Michaels Cemetery/Woodside,27,16,22,10,43,12.118148148148148,0.9629629629629629
227,Sunset Park East,27,125,22,53,152,0.5270370370370371,0.07407407407407407
139,Laurelton,26,113,20,27,139,0.2573076923076923,0.07692307692307693
149,Madison,26,69,22,34,95,0.5376923076923077,0.07692307692307693
185,Pelham Parkway,26,70,19,40,96,0.19230769230769232,0.038461538461538464
194,Randalls Island,26,124,17,30,150,8.843076923076923,0.9230769230769231
150,Manhattan Beach,25,133,18,26,158,0.3632,0.08
248,West Farms/Bronx River,25,38,21,24,63,0.888,0.08
38,Cambria Heights,24,103,22,26,127,0.625,0.08333333333333333
203,Rosedale,24,105,22,32,129,0.8333333333333334,0.041666666666666664
208,Schuylerville/Edgewater Park,24,109,21,37,133,0.61375,0.08333333333333333
53,College Point,22,248,16,38,270,4.348181818181818,0.5454545454545454
60,Crotona Park East,22,38,19,26,60,0.6327272727272727,0.045454545454545456
102,Glendale,22,268,19,30,290,1.1436363636363636,0.18181818181818182
126,Hunts Point,22,70,17,41,92,0.0,0.0
133,Kensington,22,159,19,49,181,0.2318181818181818,0.13636363636363635
201,Rockaway Park,22,63,17,30,85,0.09636363636363637,0.09090909090909091
19,Bellerose,21,99,14,25,120,9.378095238095238,0.47619047619047616
67,Dyker Heights,21,63,19,37,84,3.624761904761905,0.38095238095238093
94,Fordham South,20,37,16,26,57,0.0,0.0
122,Hollis,19,135,16,25,154,0.13157894736842105,0.05263157894736842
3,Allerton/Pelham Gardens,18,45,15,30,63,0.16666666666666666,0.05555555555555555
31,Bronx Park,18,41,16,23,59,7.573333333333333,0.6666666666666666
192,Queensboro Hill,18,134,15,27,152,4.17,0.5555555555555556
240,Van Cortlandt Park,17,21,9,14,38,3.1947058823529413,0.5294117647058824
252,Whitestone,16,167,12,25,183,4.65625,0.25
171,Murray Hill-Queens,14,132,11,32,146,0.8771428571428571,0.2857142857142857
124,Howard Beach,13,89,10,29,102,5.22,0.38461538461538464
180,Ozone Park,13,59,12,27,72,3.9092307692307693,0.15384615384615385
183,Pelham Bay,12,18,11,11,30,0.0,0.0
1,Newark Airport,11,872,2,77,883,12.827272727272726,0.7272727272727273
9,Auburndale,11,96,10,28,107,0.5454545454545454,0.09090909090909091
101,Glen Oaks,11,55,9,18,66,1.6327272727272728,0.2727272727272727
153,Marble Hill,11,26,10,17,37,0.9981818181818182,0.36363636363636365
11,Bath Beach,10,38,8,28,48,0.496,0.1
16,Bayside,10,118,7,28,128,0.0,0.0
98,Fresh Meadows,9,112,9,23,121,0.7666666666666667,0.1111111111111111
120,Highbridge Park,8,41,6,20,49,2.59375,0.5
15,Bay Terrace/Fort Totten,7,57,7,18,64,6.43,0.42857142857142855
64,Douglaston,7,57,7,15,64,3.2342857142857144,0.2857142857142857
73,East Flushing,7,83,5,16,90,0.6928571428571428,0.2857142857142857
178,Ocean Parkway South,7,50,7,29,57,0.0,0.0
175,Oakland Gardens,6,90,6,26,96,1.0,0.16666666666666666
96,Forest Park/Highland Park,4,63,4,12,67,8.7275,0.75
128,Inwood Hill Park,4,53,4,22,57,0.0,0.0
8,Astoria Park,3,6,3,6,9,0.0,0.0
184,Pelham Bay Park,3,9,3,8,12,1.6666666666666667,0.3333333333333333
111,Green-Wood Cemetery,2,7,2,7,9,2.14,0.5
154,Marine Park/Floyd Bennett Field,2,18,2,6,20,3.5,0.5
206,Saint George/New Brighton,2,6,2,5,8,1.75,0.5
2,Jamaica Bay,1,0,1,0,1,11.45,1.0
27,Breezy Point/Fort Tilden/Riis Beach,1,19,1,9,20,5.0,1.0
46,City Island,1,17,1,13,18,0.0,0.0
58,Country Club,1,14,1,10,15,0.0,0.0
214,South Beach/Dongan Hills,1,9,1,7,10,4.82,1.0
221,Stapleton,1,2,1,2,3,0.0,0.0
245,West Brighton,1,4,1,4,5,25.0,1.0
5,Arden Heights,0,1,0,1,1,0.0,0.0
6,Arrochar/Fort Wadsworth,0,10,0,7,10,0.0,0.0
23,Bloomfield/Emerson Hill,0,12,0,9,12,0.0,0.0
30,Broad Channel,0,3,0,3,3,0.0,0.0
44,Charleston/Tottenville,0,1,0,1,1,0.0,0.0
59,Crotona Park,0,9,0,8,9,0.0,0.0
84,Eltingville/Annadale/Prince's Bay,0,2,0,2,2,0.0,0.0
109,Great Kills,0,5,0,4,5,0.0,0.0
115,Grymes Hill/Clifton,0,9,0,8,9,0.0,0.0
118,Heartland Village/Todt Hill,0,12,0,9,12,0.0,0.0
156,Mariners Harbor,0,2,0,2,2,0.0,0.0
172,New Dorp/Midland Beach,0,6,0,6,6,0.0,0.0
176,Oakwood,0,3,0,2,3,0.0,0.0
187,Port Richmond,0,6,0,3,6,0.0,0.0
204,Rossville/Woodrow,0,1,0,1,1,0.0,0.0
251,Westerleigh,0,5,0,5,5,0.0,0.0
